date,pred_cases_mean,pred_cases_q10,pred_cases_q90,ess
2020-03-10,43.49638588685071,43.48431007092203,43.509612918652316,299.99999999999994
2020-03-11,65.75529234542525,65.72300263606552,65.78968014342607,299.99999999999994
2020-03-12,81.72341920847005,81.67827126486505,81.76496227841862,299.99999999999994
2020-03-13,94.36860153340761,94.30706851402063,94.42432552126944,299.99999999999994
2020-03-14,105.40963178877577,105.31224156864965,105.46456720634023,264.74186156653826
2020-03-15,115.78811015392948,115.70806132993718,115.86873943857034,299.99999999999994
2020-03-16,126.14540887267202,126.04546807814222,126.24775122907069,299.99999999999994
2020-03-17,136.83059621888705,136.70625016795478,136.9447558014861,299.99999999999994
2020-03-18,148.06312786520058,147.9324885053815,148.19996711803336,299.99999999999994
2020-03-19,160.0138045575257,159.8612724974082,160.16441046571978,299.99999999999994
2020-03-20,172.80556905918283,172.65208534352485,172.96351038658486,299.99999999999994
2020-03-21,186.584406466137,186.36623709265314,186.72270104239098,272.8972868120415
2020-03-22,201.32422240309492,201.1291136371049,201.52856644794034,299.99999999999994
2020-03-23,217.2436418579008,217.02569622339527,217.4444119542088,299.99999999999994
2020-03-24,234.39791471873028,234.16518971241405,234.63073010298854,299.99999999999994
2020-03-25,252.89890099340627,252.6404888848437,253.14374873758175,299.99999999999994
2020-03-26,272.8442825998166,272.558497070239,273.1137285796079,299.99999999999994
2020-03-27,294.3523918951347,294.06630212024453,294.6581435948093,299.99999999999994
2020-03-28,317.5472901148583,317.2219130750207,317.88608314241355,299.99999999999994
2020-03-29,342.56439283725655,342.202475038153,342.93270609755496,299.99999999999994
2020-03-30,369.54587999346387,369.1502630997272,369.93598470589546,299.99999999999994
2020-03-31,398.6493397773343,398.2262486347241,399.0850895023148,299.99999999999994
2020-04-01,430.0366349878688,429.5734732593896,430.5083046142299,299.99999999999994
2020-04-02,463.89821500382175,463.386259962521,464.3901770572084,299.99999999999994
2020-04-03,500.4225062686449,499.8654361496312,500.98806461769027,299.99999999999994
2020-04-04,539.8176436251886,539.2345576915459,540.4277515454348,299.99999999999994
2020-04-05,582.3130693381869,581.6712418478926,582.9588892836966,299.99999999999994
2020-04-06,628.1521630039888,627.484661785377,628.8677966835695,299.99999999999994
2020-04-07,677.5941261453701,676.8764620933841,678.3471535924996,299.99999999999994
2020-04-08,730.9093777466327,730.1350577971017,731.7708811108886,299.99999999999994
2020-04-09,788.4318211602432,787.5940714274685,789.3863049154406,299.99999999999994
2020-04-10,850.478182561756,849.5265748596476,851.459917507049,299.99999999999994
2020-04-11,917.3893290472054,916.3550972645197,918.4100909772941,299.99999999999994
2020-04-12,989.5916950844617,988.4206853066526,990.7261340806899,299.8427845792272
2020-04-13,1067.428905657021,1066.1956322824503,1068.6655336109502,299.99999999999994
2020-04-14,1151.408289394118,1150.0588168691465,1152.6898195131182,299.99999999999994
2020-04-15,1241.990274953907,1240.5544938445003,1243.4319103460296,299.99999999999994
2020-04-16,1339.6784183246232,1338.1289437920418,1341.2543708061824,299.99999999999994
2020-04-17,1445.0341759566752,1443.334372138931,1446.7458860395386,299.99999999999994
2020-04-18,1558.6998911967007,1556.8867670069371,1560.5512384063095,299.99999999999994
2020-04-19,1681.2490955187636,1679.248517199556,1683.1983526718254,299.99999999999994
2020-04-20,1813.4326861728407,1811.3363975629684,1815.5939264366525,299.99999999999994
2020-04-21,1955.9943579092715,1953.675219575739,1958.37994392954,299.99999999999994
2020-04-22,2109.750897021551,2107.2717533304726,2112.192634740493,299.99999999999994
2020-04-23,2275.5644934801726,2272.9584234654585,2278.2957279422267,299.99999999999994
2020-04-24,2454.390225880041,2451.580056813783,2457.422628413688,299.99999999999994
2020-04-25,2647.1980220434066,2644.1973158681267,2650.295499308082,299.972931694218
2020-04-26,2855.1818623403315,2851.980135110491,2858.539972595912,299.99999999999994
2020-04-27,3079.432474769621,3075.9031191057093,3083.205548301471,299.99999999999994
2020-04-28,3321.25636841151,3317.64358160116,3325.504222097301,299.99999999999994
2020-04-29,3581.9837135861185,3577.9653079635973,3586.4499764301036,299.99999999999994
2020-04-30,3863.145516925164,3858.8365451422083,3867.70026360308,299.99999999999994
2020-05-01,4166.304133266214,4161.591575582337,4171.378971866549,299.99999999999994
2020-05-02,4493.09577051733,4488.23183076719,4498.464237100461,299.9355179419698
2020-05-03,4845.565979325166,4840.1523339325195,4851.458523980113,299.99999999999994
2020-05-04,5225.493771230756,5219.5650610501525,5231.867552168283,299.99999999999994
2020-05-05,5635.0523763980755,5628.563503041104,5641.712595287338,299.99999999999994
2020-05-06,6076.545603033902,6069.501718000703,6083.657929283901,299.99999999999994
2020-05-07,6552.461403227317,6544.976435916216,6560.362327898762,299.99999999999994
2020-05-08,7065.44724568347,7057.42918384009,7073.994136711459,299.99999999999994
2020-05-09,7618.300106103056,7609.673842287055,7627.32635215361,299.99999999999994
2020-05-10,8214.159858926974,8204.936996206638,8223.927840212224,299.99999999999994
2020-05-11,8856.264697112927,8846.293148402354,8866.653220844104,299.99999999999994
2020-05-12,9548.203330792721,9537.305674914804,9559.48037217692,299.99999999999994
2020-05-13,10293.722400613713,10282.085254753538,10305.741421012863,299.99999999999994
2020-05-14,11096.912046024128,11084.422002992238,11110.025125767655,299.99999999999994
2020-05-15,11962.160230115904,11948.779051625012,11976.149272275527,299.99999999999994
2020-05-16,12894.13308950774,12879.576578987562,12909.54108739253,299.99999999999994
2020-05-17,13897.906898417974,13882.34473474768,13914.434224817218,299.99999999999994
2020-05-18,14978.815626307858,14962.082657612986,14996.649103988533,299.99999999999994
2020-05-19,16142.662195624565,16124.745376475073,16161.98808993914,299.99999999999994
2020-05-20,17395.660648338704,17376.24445275705,17416.423405349087,299.99999999999994
2020-05-21,18744.34220933009,18723.824888904375,18766.637683396915,299.99999999999994
2020-05-22,20195.864575838226,20173.82988046505,20219.862343534394,299.99999999999994
2020-05-23,21757.699523837415,21734.300602201416,21783.8641526815,299.99999999999994
2020-05-24,23437.94916074895,23412.526525517653,23465.95437626262,299.99999999999994
2020-05-25,25245.210649499288,25217.727963018817,25275.35814770889,299.99999999999994
2020-05-26,27188.547252609136,27159.083868853413,27220.75188773662,299.99999999999994
2020-05-27,29277.802772754614,29245.689322758146,29312.27522672591,299.99999999999994
2020-05-28,31523.30447366468,31489.250013474055,31560.570149170202,299.99999999999994
2020-05-29,33935.43607633101,33898.98431370753,33976.54684940668,299.905980505945
2020-05-30,36527.57936959634,36487.723375047506,36570.68334479086,299.99999999999994
2020-05-31,39309.66448640444,39267.76744424836,39357.71586777407,299.90630538042615
2020-06-01,42297.25122491341,42251.790220033516,42346.805974021976,299.99999999999994
2020-06-02,45502.111081230905,45453.332638550484,45555.518944880125,299.99999999999994
2020-06-03,48939.3748679576,48887.467986986776,48996.41828160692,299.99999999999994
2020-06-04,52624.37931306813,52568.0771371726,52684.88031935542,299.99999999999994
2020-06-05,56572.76684342722,56512.36031603992,56637.70833240502,299.99999999999994
2020-06-06,60801.311568385376,60737.18621962653,60871.884051841254,299.99999999999994
2020-06-07,65327.25084100749,65258.62474153872,65402.48634420447,299.99999999999994
2020-06-08,70168.6667731992,70094.7596011356,70248.31127441568,299.99999999999994
2020-06-09,75342.90771414283,75264.36929432499,75429.43897719566,299.9110894153305
2020-06-10,80872.54535728031,80787.65131077472,80963.97057376405,299.99999999999994
2020-06-11,86773.92452253184,86683.54013427898,86870.6478453531,299.99999999999994
2020-06-12,93067.86171664092,92970.95521440291,93171.37630965917,299.99999999999994
2020-06-13,99774.64822139185,99672.05357757842,99885.38524081107,299.99999999999994
2020-06-14,106914.63195295534,106805.43468012543,107031.10660399543,299.99999999999994
2020-06-15,114508.02741686095,114391.91698628772,114631.66336615414,299.99999999999994
2020-06-16,122574.61638561221,122452.82092411417,122707.3806545013,299.99999999999994
2020-06-17,131133.722863962,131003.72647798058,131274.76895632735,299.99999999999994
2020-06-18,140203.73882995715,140066.81920450885,140352.26047544624,299.99999999999994
2020-06-19,149802.31819179739,149656.01961716116,149959.73132931584,299.99999999999994
2020-06-20,159944.91479162185,159790.98954005208,160109.41040352944,299.99999999999994
2020-06-21,170645.58361008143,170483.11146620163,170818.79398383928,299.99999999999994
2020-06-22,181915.1680281034,181744.14083227125,182098.05274067633,299.99999999999994
2020-06-23,193762.4963545882,193583.30894637536,193955.3999611451,299.99999999999994
2020-06-24,206192.21588968096,206003.55872066796,206394.83250199773,299.99999999999994
2020-06-25,219205.0454799818,219008.6079991625,219418.85412401854,299.99999999999994
2020-06-26,232797.4674185111,232593.02529749318,233021.80302570516,299.99999999999994
2020-06-27,246959.85403981933,246743.40473100625,247192.6660394487,299.99999999999994
2020-06-28,261676.66976445215,261452.81774400987,261918.0801361198,299.99999999999994
2020-06-29,276925.95935344626,276696.5042528055,277173.7409752421,299.99999999999994
2020-06-30,292678.06973369524,292440.8177268312,292933.54807822354,299.99999999999994
2020-07-01,308895.24701726605,308652.3879453511,309156.8892338486,299.99999999999994
2020-07-02,325531.1734190927,325280.23440592794,325794.96974102646,299.99999999999994
2020-07-03,342529.8905067901,342274.3393424936,342799.3702621103,299.99999999999994
2020-07-04,359826.67063796095,359567.3480698505,360101.71433461027,299.99999999999994
2020-07-05,377346.10189354577,377084.663568973,377624.5080663456,299.99999999999994
2020-07-06,395003.4284462003,394738.6647445182,395282.117913677,299.99999999999994
2020-07-07,412703.84737348475,412440.3531679302,412978.07881958265,299.99999999999994
2020-07-08,430343.140541377,430080.7407185074,430616.2963368946,299.99999999999994
2020-07-09,447807.6044882345,447547.949307926,448075.05136971286,299.99999999999994
2020-07-10,464976.41091453825,464720.1358126023,465236.45934279,299.99999999999994
2020-07-11,481721.451868883,481471.32312282285,481973.5691777572,299.99999999999994
2020-07-12,497909.42201512365,497671.26920910476,498153.24296187627,299.99999999999994
2020-07-13,513403.7430846226,513179.47259455046,513634.99387161154,299.99999999999994
2020-07-14,528065.6880201794,527855.2989947075,528282.3626942768,299.99999999999994
2020-07-15,541758.2623392912,541561.7615988781,541957.0394193762,299.99999999999994
2020-07-16,554346.4699496825,554167.7440863524,554528.1056968732,299.99161723596876
2020-07-17,565704.7742021999,565542.8442000659,565866.1129349887,299.99999999999994
2020-07-18,575711.4238130297,575569.7085975325,575856.8758763254,299.9953131255017
2020-07-19,584259.7853736383,584140.7360961699,584381.1451837128,299.9843695607053
2020-07-20,591256.6958977553,591160.9584292071,591351.9078576984,299.99999999999994
2020-07-21,596622.6333444002,596551.2570879202,596694.2872377916,299.99999999999994
2020-07-22,600298.8948353337,600254.9013984859,600345.3960944831,299.99999999999994
2020-07-23,602245.0706149188,602224.8224728806,602263.5593813857,299.99999999999994
2020-07-24,602441.7994833575,602424.6224903121,602456.6773769561,299.99999999999994
2020-07-25,600891.2191323458,600848.0267585963,600929.9870253692,299.9996858076779
2020-07-26,597616.8575163019,597547.6335846889,597682.51311138,299.99999999999994
2020-07-27,592662.5884986382,592568.8245155803,592750.5486850911,299.99999999999994
2020-07-28,586092.8028599783,585971.7634837723,586204.9766491808,299.99999999999994
2020-07-29,577988.9453427368,577845.0813710463,578121.122337725,299.99999999999994
2020-07-30,568448.6118661732,568280.9670099037,568601.8182319915,299.99999999999994
2020-07-31,557583.8185649853,557396.773151147,557751.0544385371,299.99999999999994
2020-08-01,545516.2273395046,545312.19739144,545700.3887383188,299.9904919582313
2020-08-02,532379.5738060228,532160.237268815,532576.9407329366,299.99999999999994
2020-08-03,518307.3291586116,518075.28879901674,518520.02619735716,299.99999999999994
2020-08-04,503440.1102172519,503196.75660650944,503661.7159627655,299.99999999999994
2020-08-05,487916.8007489966,487662.31850062497,488146.8398792312,299.99999999999994
2020-08-06,471875.49988832383,471612.1708113651,472113.1092342781,299.99999999999994
2020-08-07,455448.35563764133,455179.4382492534,455690.09358151926,299.99999999999994
2020-08-08,438762.2014624763,438493.84168720245,439007.6334664082,299.99999999999994
2020-08-09,421933.8889452525,421662.5286718595,422180.1850542377,299.9716693876936
2020-08-10,405079.570104209,404808.6639586169,405324.08807059325,299.99999999999994
2020-08-11,388292.91712514876,388022.3125139657,388536.8032067856,299.99999999999994
2020-08-12,371666.5294926449,371399.5396131883,371907.682602775,299.99999999999994
2020-08-13,355279.76126644935,355020.0858199041,355514.96356632846,299.99999999999994
2020-08-14,339202.2658811144,338948.07752351,339430.3054855929,299.99999999999994
2020-08-15,323492.2017374094,323244.49743247114,323717.0031552249,299.99999999999994
2020-08-16,308197.0048169412,307958.29198910506,308418.1242326617,299.9575932041866
2020-08-17,293362.70611036883,293130.7234795546,293574.0814519813,299.99999999999994
2020-08-18,279012.1933303708,278792.39949035237,279219.9524771123,299.95477084211814
2020-08-19,265177.2055924131,264963.14452852553,265375.561156813,299.99999999999994
2020-08-20,251867.4658452307,251661.27280336944,252060.00835761824,299.99999999999994
2020-08-21,239093.2411388111,238896.30981861125,239278.1226175904,299.9515995255415
2020-08-22,226864.6385667917,226676.46358382434,227040.79050908217,299.99999999999994
2020-08-23,215175.22978107852,214994.5646698488,215343.39288255302,299.99999999999994
2020-08-24,204022.23712355157,203847.82872996177,204183.69583436783,299.99999999999994
2020-08-25,193397.61928392688,193230.91226096277,193552.05717227343,299.99999999999994
2020-08-26,183290.2811352798,183132.7068789345,183436.16885953516,299.99999999999994
2020-08-27,173686.63910156593,173536.43293693152,173826.06419146157,299.99999999999994
2020-08-28,164571.848629001,164427.54285690046,164703.86089656685,299.99999999999994
2020-08-29,155927.74652889426,155792.96732840574,156053.38463241936,299.9488334992779
2020-08-30,147738.44207332845,147611.5542181402,147858.92267895973,299.7950911151298
2020-08-31,139988.88408556764,139865.39106291396,140100.5810400047,299.99999999999994
2020-09-01,132654.4430859031,132538.34463734977,132760.57057922662,299.99999999999994
2020-09-02,125718.65296036897,125608.40553835624,125820.76362952209,299.99999999999994
2020-09-03,119162.89387548539,119060.02944711919,119259.31556104051,299.99999999999994
2020-09-04,112968.62684255767,112869.65063683418,113058.27897337338,299.99999999999994
2020-09-05,107117.6514851397,107024.24983524781,107203.05929092603,299.99999999999994
2020-09-06,101592.11538481545,101503.70894563277,101672.56696923083,299.99999999999994
2020-09-07,96374.84925076144,96291.83273882057,96449.77768806728,299.99999999999994
2020-09-08,91449.33508802208,91370.91028940627,91520.43513347364,299.99999999999994
2020-09-09,86798.7762262621,86724.45309876361,86866.69869855202,299.95309168057736
2020-09-10,82409.86307354254,82338.89585294832,82473.3495492405,299.99999999999994
2020-09-11,78266.07174457055,78198.88574976103,78326.15705159612,299.99999999999994
2020-09-12,74354.08066696175,74291.37321836356,74411.00359561075,299.99999999999994
2020-09-13,70660.57739664859,70601.01878302138,70714.29597208672,299.99999999999994
2020-09-14,67173.03935681081,67117.19695687003,67223.7464426011,299.99999999999994
2020-09-15,63879.413960077756,63826.6308739384,63927.96171854339,299.99999999999994
2020-09-16,60768.67041242446,60719.28645966244,60815.00232973758,299.99999999999994
2020-09-17,57829.96258452207,57782.98631835524,57872.907242582936,299.99999999999994
2020-09-18,55053.233572085686,55007.94808828783,55093.81902135945,299.99999999999994
2020-09-19,52429.19204403743,52386.97308780043,52467.564008003574,299.99999999999994
2020-09-20,49948.72269554594,49908.827209235205,49985.170350368666,299.99999999999994
2020-09-21,47603.029789439184,47565.784378337696,47637.90467397046,299.961728680906
2020-09-22,45385.25646880627,45349.91708447778,45417.48784581062,299.99999999999994
2020-09-23,43286.85347900969,43253.38108955929,43318.00016163885,299.96360219341346
2020-09-24,41301.73497291143,41269.99346380137,41330.677982906935,299.99999999999994
2020-09-25,39422.38098607993,39392.35688376092,39450.49967360242,299.96528674500695
2020-09-26,37643.18148013247,37615.35334024195,37669.91670920244,299.86293413379127
2020-09-27,35958.937738816625,35931.79896615295,35983.557610436066,299.99999999999994
2020-09-28,34363.02453193077,34337.23433715002,34386.502310744545,299.99999999999994
2020-09-29,32850.808820260776,32826.50425275516,32873.15270281792,299.99999999999994
2020-09-30,31417.433111406932,31394.388395537342,31439.08856476695,299.99999999999994
2020-10-01,30058.500560470824,30036.79378848517,30079.00298993525,299.99999999999994
2020-10-02,28769.70422255705,28749.160400405948,28789.121191826413,299.99999999999994
2020-10-03,27547.01637453062,27527.558361239116,27565.531212842365,299.99999999999994
2020-10-04,26386.594408443816,26368.195147659142,26403.634300119098,299.99999999999994
2020-10-05,25285.148317352556,25267.50577570882,25301.70948454842,299.99999999999994
2020-10-06,24239.290828611465,24222.309311213416,24255.126776463665,299.99999999999994
2020-10-07,23245.705796497557,23229.609774991728,23261.081635996892,299.9786463449173
2020-10-08,22301.890116024446,22286.09965785331,22316.657370716464,299.99999999999994
2020-10-09,21404.67532730192,21389.53660263047,21418.858272269943,299.9811852847149
2020-10-10,20551.849280307586,20537.646633818527,20565.340308400642,299.99999999999994
2020-10-11,19740.713166586644,19727.493462612514,19753.438626817497,299.99999999999994
2020-10-12,18969.076353282624,18956.303635090117,18980.82801987782,299.99999999999994
2020-10-13,18234.781932495564,18222.662124575887,18245.88002178357,299.99999999999994
2020-10-14,17535.8633747806,17523.935635153335,17546.415802226245,299.99999999999994
2020-10-15,16870.308279266374,16858.928546421022,16880.50573370451,299.99999999999994
2020-10-16,16236.328132191411,16225.650391153133,16246.502861186364,299.99317206584885
2020-10-17,15632.473609748851,15622.208442776262,15641.882304720777,299.99999999999994
2020-10-18,15056.91612079592,15046.938268058144,15066.062754634579,299.99999999999994
2020-10-19,14508.184797732029,14498.617848922418,14516.755586284366,299.99816077467887
2020-10-20,13984.95768905347,13976.23199855077,13993.187813717124,299.99999999999994
2020-10-21,13485.841620186784,13477.363933881332,13493.572598819956,299.99999999999994
2020-10-22,13009.577804345034,13001.452573817447,13016.946970610821,299.9999993601948
2020-10-23,12554.968635671526,12547.200094692967,12562.018727927685,299.99999999999994
2020-10-24,12120.961599652757,12113.872014075761,12127.717694379562,299.99999999999994
2020-10-25,11706.497865315976,11699.403100587055,11712.813656989392,299.99999999999994
2020-10-26,11310.593826174792,11304.014239953038,11316.698535893529,299.99663491237163
2020-10-27,10932.190668872123,10925.973160740568,10938.237784460383,299.99999999999994
2020-10-28,10570.541804842134,10564.723661539909,10576.52928707767,299.99999999999994
2020-10-29,10224.792366151802,10219.210594798986,10230.571243827657,299.99999999999994
2020-10-30,9894.087293537941,9888.693438295124,9899.512236695373,299.99999999999994
2020-10-31,9577.757845539672,9572.492660231397,9582.757708245503,299.9861860336667
2020-11-01,9275.016591219111,9270.068531000978,9279.840749661389,299.99999999999994
2020-11-02,8985.266902681546,8980.54968479775,8989.927133585636,299.99999999999994
2020-11-03,8707.853116028668,8703.303138797215,8712.178183032713,299.99999999999994
2020-11-04,8442.18204538263,8437.821211428327,8446.524708035413,299.99999999999994
2020-11-05,8187.693069087082,8183.519195596293,8191.930456443094,299.99999999999994
2020-11-06,7943.825155973282,7939.833110658219,7947.825181770985,299.99999999999994
2020-11-07,7710.11955485809,7706.406376367989,7713.901552809557,299.99999999999994
2020-11-08,7486.024695516149,7482.2761831697435,7489.833607050869,299.99999999999994
2020-11-09,7271.152204704164,7267.570850030739,7274.685521371638,299.99999999999994
2020-11-10,7065.078416084172,7061.654451067176,7068.599872769217,299.99999999999994
2020-11-11,6867.3727960817205,6864.143930478436,6870.866575966394,299.99999999999994
2020-11-12,6677.627801455704,6674.4985952111265,6680.790230354149,299.95133323318186
2020-11-13,6495.449382173792,6492.436338497317,6498.534097782987,299.99999999999994
2020-11-14,6320.583829014658,6317.685165684551,6323.584212212295,299.99999999999994
2020-11-15,6152.664785883629,6149.919175997433,6155.528390001462,299.99999999999994
2020-11-16,5991.357968474737,5988.673260581252,5994.2706879573225,299.99999999999994
2020-11-17,5836.412657949128,5833.843551415977,5839.273500229946,299.99999999999994
2020-11-18,5687.538940942258,5685.0221664269675,5690.281746453637,299.92899800215156
2020-11-19,5544.348645896397,5541.844812300098,5547.04643577645,299.99999999999994
2020-11-20,5406.7755404796135,5404.375116364507,5409.315953444331,299.9239842992024
2020-11-21,5274.464208434238,5272.148233986501,5277.052736385552,299.99999999999994
2020-11-22,5147.20842196261,5144.988005499919,5149.615790108206,299.99999999999994
2020-11-23,5024.795452727823,5022.676943814003,5027.105946149801,299.99999999999994
2020-11-24,4907.003268166599,4904.949756169126,4909.2644364339685,299.99999999999994
2020-11-25,4793.663982668123,4791.683894780024,4795.913971141727,299.99999999999994
2020-11-26,4684.580947400416,4682.725031334607,4686.712948887808,299.99999999999994
2020-11-27,4579.533426304747,4577.6361967176545,4581.536625399404,299.99999999999994
2020-11-28,4478.416502609789,4476.597314240662,4480.329311747496,299.99999999999994
2020-11-29,4381.036046943475,4379.339854156992,4383.000817359579,299.99999999999994
2020-11-30,4287.23132934882,4285.557966448687,4289.0107965008265,299.99999999999994
2020-12-01,4196.915322658177,4195.228040864824,4198.540591570625,299.8535884318692
2020-12-02,4109.873570876671,4108.238118846503,4111.5728222180815,299.99999999999994
2020-12-03,4025.992312401442,4024.4513086943043,4027.5978300219404,299.99999999999994
2020-12-04,3945.1623829277455,3943.6444059817504,3946.853897430355,299.99999999999994
2020-12-05,3867.226130621645,3865.7207737587996,3868.8845254691846,299.99999999999994
2020-12-06,3792.1336712698294,3790.6833098921866,3793.713689999735,299.99999999999994
2020-12-07,3719.763104774343,3718.318912511101,3721.292819205727,299.7384883328353
2020-12-08,3649.9228279713793,3648.559349218947,3651.3288278025348,299.99999999999994
2020-12-09,3582.625262996239,3581.30437244774,3584.0568552589857,299.99999999999994
2020-12-10,3517.720281886956,3516.4107600864454,3519.0993646033876,299.99999999999994
2020-12-11,3455.1226329436736,3453.928628104143,3456.5891711989298,299.99999999999994
2020-12-12,3394.7318614204273,3393.552447125858,3396.0454496636903,299.99999999999994
2020-12-13,3336.515309637556,3335.368038418738,3337.7688358732444,299.99999999999994
2020-12-14,3280.3373945139147,3279.2217489620593,3281.6113112827643,299.99999999999994
2020-12-15,3226.158673681134,3224.9032859543145,3227.3988019005988,299.99999999999994
2020-12-16,3173.899192304016,3172.6637408873253,3175.1157415764337,299.99999999999994
2020-12-17,3123.4837899162994,3122.2749841279665,3124.6584257228856,299.99999999999994
2020-12-18,3074.841083175075,3073.6641704676445,3076.0545377271233,299.99999999999994
2020-12-19,3027.931006879159,3026.721601466293,3029.0844998592042,299.99999999999994
2020-12-20,2982.6679884921364,2981.492490036115,2983.8276330715375,299.99999999999994
2020-12-21,2939.001065193096,2937.916478346586,2940.104398440157,299.99999999999994
2020-12-22,2896.8938144718127,2895.839450468861,2897.967029796547,299.99999999999994
2020-12-23,2856.27796982222,2855.199853552489,2857.35576705747,299.99999999999994
2020-12-24,2817.100969448985,2816.1097249292075,2818.0900530533804,299.99999999999994
2020-12-25,2779.328965983297,2778.283910456661,2780.3356316408817,299.99999999999994
2020-12-26,2742.9194854107086,2741.904474329071,2743.923412411394,299.99999999999994
2020-12-27,2707.8041611469653,2706.852839450512,2708.839921447057,299.99999999999994
2020-12-28,2673.946962899293,2672.9963788820573,2674.9774204371197,299.99999999999994
2020-12-29,2641.322401469215,2640.342649670778,2642.3224169504974,299.99999999999994
2020-12-30,2609.894273000648,2608.8984479594733,2610.8729861048732,299.99999999999994
2020-12-31,2579.6079824906014,2578.6528278668925,2580.594130493292,299.99999999999994
2021-01-01,2550.454071646758,2549.4165421673565,2551.4894641804394,299.99999999999994
2021-01-02,2522.3809707016603,2521.308766159316,2523.398866066091,299.99999999999994
2021-01-03,2495.3602263949383,2494.3752589377896,2496.409119681072,299.99999999999994
2021-01-04,2469.3611683795125,2468.384195958534,2470.3708562320176,299.99999999999994
2021-01-05,2444.3704392361,2443.3968064307355,2445.4058058051164,299.99999999999994
2021-01-06,2420.333433842719,2419.415586108059,2421.3439880043106,299.99999999999994
2021-01-07,2397.2329095192435,2396.3468304896337,2398.23216835655,299.99999999999994
2021-01-08,2375.0498903435005,2374.1147655250365,2375.962605260139,299.99999999999994
2021-01-09,2353.7547102425674,2352.8460088934644,2354.630001195114,299.99999999999994
2021-01-10,2333.3192950082416,2332.390989139596,2334.28827473231,299.99999999999994
2021-01-11,2313.7395118633617,2312.7886923165315,2314.6308786888503,299.5610110167703
2021-01-12,2294.9547441772856,2294.020996492784,2295.8853904063294,299.99999999999994
2021-01-13,2276.97413652428,2275.997038428183,2277.87715335318,299.99999999999994
2021-01-14,2259.7949028917833,2258.818130577043,2260.750875770637,299.99999999999994
2021-01-15,2243.3794993644,2242.4257956732995,2244.3311296582915,299.99999999999994
2021-01-16,2227.720036411613,2226.7989908653253,2228.6398916416606,299.99999999999994
2021-01-17,2212.774061207515,2211.8287547990303,2213.711396270242,299.99999999999994
2021-01-18,2198.548373359737,2197.597168662259,2199.5631254902505,299.99999999999994
2021-01-19,2185.0431530204837,2184.0747214364246,2185.9829670733357,299.64151272690634
2021-01-20,2172.2261798281834,2171.2401987830704,2173.128410717045,298.60147948114144
2021-01-21,2160.00373990071,2159.0597560047213,2161.043553095918,299.99999999999994
2021-01-22,2148.4836769293324,2147.519012593446,2149.508111295255,299.99999999999994
2021-01-23,2137.616324082178,2136.669494793786,2138.505896633282,299.99999999999994
2021-01-24,2127.390813478786,2126.467285690931,2128.3391590873307,299.99999999999994
2021-01-25,2117.804519936309,2116.8773144916863,2118.7245652148604,299.99999999999994
2021-01-26,2108.8155905258404,2107.8671712513533,2109.7461395448977,299.7369973243038
2021-01-27,2100.407039165899,2099.5299190918363,2101.3563492530675,299.99999999999994
2021-01-28,2092.643561700814,2091.698126513031,2093.567258668096,299.7568018495788
2021-01-29,2085.4110317208624,2084.4991189538105,2086.3521642194055,299.99999999999994
2021-01-30,2078.7717306673203,2077.8509125704654,2079.726835087533,299.99999999999994
2021-01-31,2072.6973584717375,2071.779485359836,2073.6690749900604,299.99999999999994
2021-02-01,2067.2082136262857,2066.1974081737803,2068.1137383743658,299.7984494354141
2021-02-02,2062.270399878376,2061.3311607796504,2063.1839163016552,299.24820089427175
2021-02-03,2057.8238641603593,2056.844566873195,2058.7845114250113,299.99999999999994
2021-02-04,2053.97826031141,2053.0501359916275,2054.8926797928166,299.99999999999994
2021-02-05,2050.6532640657288,2049.6819086954447,2051.5782179521125,299.8445115470165
2021-02-06,2047.8388945762877,2046.8571443802339,2048.8091745741444,299.99999999999994
2021-02-07,2045.570462592029,2044.6376529708778,2046.5828240985254,299.99999999999994
2021-02-08,2043.840303780931,2042.8459976077966,2044.872857794393,299.99999999999994
2021-02-09,2042.6241925333588,2041.6332890330882,2043.6031010497227,299.99999999999994
2021-02-10,2041.9259885749432,2040.9256295336636,2042.9543245070145,299.99999999999994
2021-02-11,2041.7357454902128,2040.7959843241933,2042.7697032886329,299.99999999999994
2021-02-12,2042.059751334385,2041.0989271102435,2043.1526677879324,299.99999999999994
2021-02-13,2042.9032482998057,2041.9329402666747,2044.0084302632097,299.99999999999994
2021-02-14,2044.2342933546497,2043.2107629971476,2045.3413535817506,299.99999999999994
2021-02-15,2046.0796387935911,2044.9881113232868,2047.2676023435124,299.99999999999994
2021-02-16,2048.423795100103,2047.3508970556006,2049.5610907115124,299.99999999999994
2021-02-17,2051.28652728051,2050.2136337913475,2052.390633671248,299.99999999999994
2021-02-18,2054.6436104322993,2053.52288431992,2055.7330305303444,299.99999999999994
2021-02-19,2058.511257859837,2057.450793429472,2059.580775209489,299.99999999999994
2021-02-20,2062.8829884012102,2061.8187964044437,2064.0482644754934,299.99999999999994
2021-02-21,2067.795873993386,2066.7718186745938,2068.9460602036734,299.8377440375401
2021-02-22,2073.1805611874415,2072.092996290878,2074.3472704191577,299.99999999999994
2021-02-23,2079.092817833019,2077.9945278002574,2080.2447395628465,299.82814402176007
2021-02-24,2085.5090117792993,2084.418765928183,2086.70520559041,299.99999999999994
2021-02-25,2092.450193741385,2091.377085994901,2093.725970745706,299.81856990498983
2021-02-26,2099.909517380206,2098.829716709704,2101.2156660824244,299.99999999999994
2021-02-27,2107.9052303413614,2106.7866824404846,2109.161550740735,299.8094912049703
2021-02-28,2116.3942505382006,2115.3518232765528,2117.6506581421904,299.99999999999994
2021-03-01,2125.4172364899646,2124.2708039336358,2126.7205615511944,299.99999999999994
2021-03-02,2135.009615572065,2133.818682016331,2136.3072644537074,299.78791677060354
2021-03-03,2145.137809635672,2143.91671234576,2146.4303186046495,299.1240706146256
2021-03-04,2155.718447719819,2154.555497874973,2157.1088552390474,299.99999999999994
2021-03-05,2166.9345842554467,2165.7545979055913,2168.328640970815,299.7470504889061
2021-03-06,2178.7056167942947,2177.46366974785,2180.0741576363052,298.96388279057726
2021-03-07,2190.9496789435434,2189.741330424953,2192.3998432287926,299.99999999999994
2021-03-08,2203.818323627894,2202.5270533088983,2205.2311357933145,299.99999999999994
2021-03-09,2217.2504196785826,2215.9845000938208,2218.654006004524,299.99999999999994
2021-03-10,2231.298199161118,2229.969076480697,2232.702394261916,299.99999999999994
2021-03-11,2245.9153447572694,2244.5849022330035,2247.380896655376,299.99999999999994
2021-03-12,2261.129659896492,2259.7491176047797,2262.6174310300494,299.99999999999994
2021-03-13,2276.959452917338,2275.5800469797623,2278.4664620907706,299.99999999999994
2021-03-14,2293.4477209257057,2292.0325655195757,2294.861406127064,299.41883027990445
2021-03-15,2310.4555731673922,2309.051113634541,2311.9635261147782,299.99999999999994
2021-03-16,2328.1903904794817,2326.6497370294364,2329.606758439568,299.3277866913861
2021-03-17,2346.481038262362,2345.036203956719,2347.9961632251548,299.99999999999994
2021-03-18,2365.5304329734863,2363.993427445301,2367.0950661240936,299.2476990705826
2021-03-19,2385.1105192854425,2383.5904733506873,2386.663744190498,299.99999999999994
2021-03-20,2405.438861574699,2403.8281112448776,2407.134929880973,299.99999999999994
2021-03-21,2426.433710807732,2424.8869476797868,2428.0694574721288,299.99999999999994
2021-03-22,2448.1477274974222,2446.5438880749057,2449.8344494580974,299.99999999999994
2021-03-23,2470.5675887877833,2468.963101201712,2472.225958241435,299.99999999999994
2021-03-24,2493.7347181018426,2492.105482867778,2495.471921847321,299.99999999999994
2021-03-25,2517.6309175253778,2515.942646672208,2519.3719197023242,299.99999999999994
2021-03-26,2542.307463093911,2540.6423608663395,2544.058779690552,299.99999999999994
2021-03-27,2567.751895075657,2566.0132474027164,2569.489079530848,299.99999999999994
2021-03-28,2593.973480793118,2592.246443473241,2595.840274585488,299.99999999999994
2021-03-29,2621.00953243146,2619.302382155226,2622.8162961690214,299.99999999999994
2021-03-30,2648.8352239640985,2647.0551928553123,2650.7114227197067,299.99999999999994
2021-03-31,2677.525849053186,2675.7823757599253,2679.413071900487,299.99999999999994
2021-04-01,2707.0941714703163,2705.320266310509,2709.028310290098,299.99999999999994
2021-04-02,2737.603388155854,2735.723767803603,2739.3948054241755,299.2183592375853
2021-04-03,2768.85823685717,2767.0151036962816,2770.918894679645,299.99999999999994
2021-04-04,2801.0820114676285,2799.2040736682543,2803.0664901147247,299.99999999999994
2021-04-05,2834.267690921725,2832.325619623261,2836.3528662213644,299.99999999999994
2021-04-06,2868.397620229334,2866.4238445610576,2870.44088395568,299.99999999999994
2021-04-07,2903.607399331685,2901.5185552120947,2905.613015732041,299.12209734597894
2021-04-08,2939.632468336828,2937.596915131973,2941.6905362267657,299.99999999999994
2021-04-09,2976.7754218795803,2974.745579298127,2978.932322739521,299.99999999999994
2021-04-10,3015.0524770095913,3012.972912571969,3017.1249451396848,298.97118415437114
2021-04-11,3054.2459897174067,3052.1087953353713,3056.4689293987067,299.99999999999994
2021-04-12,3094.702910128062,3092.5121606016187,3096.802344244641,298.9770620147199
2021-04-13,3136.0997320762604,3134.017323474186,3138.3486792769145,299.99999999999994
2021-04-14,3178.77624284794,3176.6455776105363,3181.026716583839,299.99999999999994
2021-04-15,3222.62021523239,3220.540144756111,3224.9453527222836,299.99999999999994
2021-04-16,3267.688385457688,3265.5359881351847,3269.9879243140786,299.99999999999994
2021-04-17,3314.1262919336623,3311.816658689974,3316.3893497355607,299.0366656621903
2021-04-18,3361.6280262334926,3359.412300885037,3364.1006000806674,299.99999999999994
2021-04-19,3410.529999836976,3408.3743850671544,3413.02398011834,299.99999999999994
2021-04-20,3460.7752078668086,3458.589817146316,3463.1781068332016,299.99999999999994
2021-04-21,3512.445409989904,3510.079407004649,3514.958568832642,299.99999999999994
2021-04-22,3565.512615599111,3563.2638374174985,3568.187524387538,299.99999999999994
2021-04-23,3620.041572503782,3617.7234145452458,3622.8548530437665,299.99999999999994
2021-04-24,3676.054154249561,3673.620066416359,3678.910839758215,299.99999999999994
2021-04-25,3733.6104997743337,3731.2571015708895,3736.488714407475,299.99999999999994
2021-04-26,3792.7409819236805,3790.229586906875,3795.6405361915868,299.99999999999994
2021-04-27,3853.489844956862,3850.9215918232735,3856.424502031011,299.99999999999994
2021-04-28,3915.873257977689,3913.2988242327547,3918.8169249821476,299.99999999999994
2021-04-29,3979.9792368292374,3977.3196891998377,3982.954491301767,299.99999999999994
2021-04-30,4045.8428924763243,4043.1213954413356,4048.9331579083337,299.99999999999994
2021-05-01,4113.503265971815,4110.763848875926,4116.637593421555,299.99999999999994
2021-05-02,4183.021771981442,4180.193437400495,4186.156816714051,299.99999999999994
2021-05-03,4254.428699336219,4251.414942531786,4257.667588340797,299.99999999999994
2021-05-04,4327.787147267007,4324.780130932379,4331.07161054256,299.99999999999994
2021-05-05,4403.133750176804,4400.035117308267,4406.3790306911515,299.99999999999994
2021-05-06,4480.560011391647,4477.2939490296685,4483.942886426168,299.99999999999994
2021-05-07,4560.118385708908,4556.864244515022,4563.47525009711,299.99999999999994
2021-05-08,4641.83031645201,4638.580954615893,4645.287794819549,299.99999999999994
2021-05-09,4725.795366938994,4722.508749300277,4729.355548400106,299.99999999999994
2021-05-10,4812.124411286052,4808.65448061575,4815.753524103916,299.9413015645869
2021-05-11,4900.741125040437,4897.13236163833,4904.536860324567,299.99999999999994
2021-05-12,4991.824442186186,4988.1993586075005,4995.562663329185,299.99999999999994
2021-05-13,5085.418004378959,5081.764964413249,5089.263553230569,299.99999999999994
2021-05-14,5181.612796427551,5177.818210717327,5185.409525158751,299.9815289150203
2021-05-15,5280.433450993656,5276.463978103534,5284.392729439617,299.99999999999994
2021-05-16,5381.9793616621455,5377.997409606266,5385.953693076867,299.99999999999994
2021-05-17,5486.341977444873,5482.204704575358,5490.49059027718,299.9950219056393
2021-05-18,5593.5939710344055,5589.3447425011655,5597.890529718855,299.9839680404725
2021-05-19,5703.815122700702,5699.764641930975,5708.28663237878,299.9735582680023
2021-05-20,5817.071504398153,5812.7645639353605,5821.455887247059,299.99999999999994
2021-05-21,5933.520207116745,5929.304934677768,5938.067707401759,299.99999999999994
2021-05-22,6053.193044853963,6048.588998752548,6057.78461550794,299.99999999999994
2021-05-23,6176.203971246224,6171.691238827273,6180.883317183967,299.99999999999994
2021-05-24,6302.63743162163,6297.988223885936,6307.442953905802,299.99999999999994
2021-05-25,6432.590888225574,6427.86230741522,6437.406825092155,299.99999999999994
2021-05-26,6566.182180392798,6561.157020346897,6571.142058697116,299.9935052990286
2021-05-27,6703.53903880964,6698.473017331665,6708.667973282674,299.99999999999994
2021-05-28,6844.736392917133,6839.61718047433,6850.01375097659,299.99999999999994
2021-05-29,6989.90030051857,6984.607602358089,6995.240939785845,299.99999999999994
2021-05-30,7139.107634649052,7133.880828320038,7144.5414233912215,299.99999999999994
2021-05-31,7292.532577085635,7287.229605146705,7298.27701035756,299.99999999999994
2021-06-01,7450.257935765505,7444.836316365793,7456.199524269968,299.99999999999994
2021-06-02,7612.449844920141,7606.846978176841,7618.486724403467,299.99999999999994
2021-06-03,7779.2368195904755,7773.341126068953,7785.271913992902,299.99999999999994
2021-06-04,7950.716590607691,7944.6431290266055,7956.906383814411,299.99999999999994
2021-06-05,8127.071155589492,8120.760981294895,8133.42787651753,299.99999999999994
2021-06-06,8308.428015557423,8301.843145014505,8314.786508909228,299.99999999999994
2021-06-07,8494.902138228881,8488.178731174401,8501.361217201722,299.99999999999994
2021-06-08,8686.701605162723,8679.815384374528,8693.51807068842,299.99999999999994
2021-06-09,8883.902722946415,8877.17234576059,8891.037345785548,299.9712918140608
2021-06-10,9086.839777675492,9079.917305822224,9093.938045971798,299.99999999999994
2021-06-11,9295.532608141712,9288.519738093702,9302.837394162212,299.99999999999994
2021-06-12,9510.113344483392,9502.760289225547,9517.417667857897,299.99999999999994
2021-06-13,9730.837890590623,9723.433969149513,9738.42383694468,299.99999999999994
2021-06-14,9957.8703834425,9950.278816912583,9965.663516294335,299.99999999999994
2021-06-15,10191.380560809146,10183.480455326066,10199.328870850282,299.99999999999994
2021-06-16,10431.582617313245,10423.529734298298,10439.826031031589,299.99999999999994
2021-06-17,10678.671848392018,10670.560522237416,10687.119449547448,299.99999999999994
2021-06-18,10932.865511609534,10924.743887696428,10941.310381561058,299.99999999999994
2021-06-19,11194.357233285324,11185.969194247502,11203.037324456343,299.99999999999994
2021-06-20,11463.320080296493,11454.65059580959,11472.284231961587,299.99999999999994
2021-06-21,11740.007127563136,11730.731756808087,11749.090191459421,299.99999999999994
2021-06-22,12024.648857255945,12015.12152432915,12034.174885920593,299.99999999999994
2021-06-23,12317.448379959746,12307.669501400991,12327.051843642981,299.99999999999994
2021-06-24,12618.704715850066,12608.832489365896,12628.809401278178,299.99999999999994
2021-06-25,12928.524656962254,12918.20687857969,12938.958505753986,299.959537295731
2021-06-26,13247.421540315132,13236.90900380627,13257.945957001728,299.99999999999994
2021-06-27,13575.396346676203,13564.66723191724,13586.007451570036,299.99999999999994
2021-06-28,13912.752183056944,13901.701261193162,13923.559160555693,299.99999999999994
2021-06-29,14259.828387164836,14248.682344766907,14271.054215606828,299.99999999999994
2021-06-30,14616.854057431767,14605.475575606784,14628.300790458732,299.99999999999994
2021-07-01,14984.143579606533,14972.345250048933,14995.829931817236,299.99999999999994
2021-07-02,15361.979483834493,15350.22712504138,15374.124697425628,299.99999999999994
2021-07-03,15750.669771849103,15738.475044145216,15763.34298305854,299.99999999999994
2021-07-04,16150.518112230498,16137.998481025625,16163.459008612514,299.99999999999994
2021-07-05,16561.77713106135,16548.91729491094,16574.44079673295,299.99999999999994
2021-07-06,16984.782294983303,16971.359678512137,16998.036681355083,299.99999999999994
2021-07-07,17419.932577108935,17406.59509946413,17434.03380998757,299.99999999999994
2021-07-08,17867.521349792347,17853.7713557052,17881.56281692753,299.99999999999994
2021-07-09,18327.67923180791,18314.041956381956,18342.431448441846,299.9606709639821
2021-07-10,18801.209267135,18786.869074193026,18815.910345719716,299.99999999999994
2021-07-11,19288.081813846813,19272.909785998618,19302.864013766837,299.99999999999994
2021-07-12,19788.728135354675,19773.15528915424,19804.37686163154,299.99999999999994
2021-07-13,20303.532657293108,20287.275490998174,20319.096511537537,299.99999999999994
2021-07-14,20832.88725539863,20816.511873915915,20848.905944708597,299.99999999999994
2021-07-15,21377.20783175447,21360.07625525791,21393.747594800425,299.99999999999994
2021-07-16,21936.85600254679,21919.15291953191,21953.965854499427,299.99999999999994
2021-07-17,22512.15416017503,22493.978276016525,22529.42709272633,299.99999999999994
2021-07-18,23103.546780154124,23085.38427187553,23121.50430714314,299.99999999999994
2021-07-19,23711.431692426562,23692.518215497108,23730.039690765658,299.99999999999994
2021-07-20,24336.150809632705,24316.93195841383,24355.48920588123,299.99999999999994
2021-07-21,24978.252865103736,24959.038976958822,24997.871893674517,299.99999999999994
2021-07-22,25638.06415713176,25617.8029597291,25658.530568507704,299.99999999999994
2021-07-23,26315.9983611384,26294.929076131742,26336.92407141112,299.99999999999994
2021-07-24,27012.419751935005,26990.533219121455,27034.345467771916,299.99999999999994
2021-07-25,27727.856424193986,27705.34422708154,27750.096491491327,299.99999999999994
2021-07-26,28462.635569351332,28440.0615698172,28485.536616593017,299.99999999999994
2021-07-27,29217.28897590132,29194.06559925332,29240.787244073024,299.99999999999994
2021-07-28,29992.006272589068,29968.691228403986,30015.44219911683,299.9653512944948
2021-07-29,30787.80398349885,30764.026779137814,30811.389273781766,299.99999999999994
2021-07-30,31604.53895003634,31580.20257775411,31628.056789610928,299.99999999999994
2021-07-31,32442.697263221668,32417.105062249233,32467.06879307854,299.99999999999994
2021-08-01,33302.65233946084,33277.164683296156,33328.44742553169,299.96686826682395
2021-08-02,34185.338288336316,34158.895638553906,34211.52851294425,299.99999999999994
2021-08-03,35090.63392053156,35064.23610449939,35117.51139126227,299.99999999999994
2021-08-04,36018.85522287398,35991.34859868968,36046.32058400716,299.9682418977042
2021-08-05,36971.22648783536,36942.26614160332,36999.09389827622,299.99999999999994
2021-08-06,37947.339768028185,37917.92511282749,37975.9049190349,299.99999999999994
2021-08-07,38947.8686559105,38918.36719567896,38977.46578996169,299.99999999999994
2021-08-08,39973.0904935328,39942.990624480175,40003.0249060416,299.99999999999994
2021-08-09,41023.42050088631,40993.536620684456,41053.525523613236,299.99999999999994
2021-08-10,42099.12925440463,42068.53100712872,42129.5932170876,299.99999999999994
2021-08-11,43200.688631325145,43169.73368213784,43231.64188892108,299.99999999999994
2021-08-12,44328.2436960477,44296.1508257503,44360.76224433948,299.99999999999994
2021-08-13,45482.17372186072,45449.30535114604,45515.337238627755,299.99999999999994
2021-08-14,46662.73961796411,46628.915868226875,46696.14893019066,299.99999999999994
2021-08-15,47870.229967894156,47836.07596022832,47904.177442179694,299.99999999999994
2021-08-16,49104.78431907012,49070.130795231446,49139.61989818674,299.99999999999994
2021-08-17,50366.54251423468,50330.05377750405,50400.782392442656,299.99999999999994
2021-08-18,51655.547835019875,51619.192294299486,51690.37088659337,299.9765816252757
2021-08-19,52972.58694022721,52936.07065334032,53007.764617970795,299.99999999999994
2021-08-20,54317.04968142278,54280.2919165156,54352.61444702021,299.99999999999994
2021-08-21,55688.919976096106,55650.972914130856,55725.35337267989,299.97795353207323
2021-08-22,57088.86837088528,57050.30479276181,57126.085555279875,299.99999999999994
2021-08-23,58516.26751192893,58477.31677136378,58554.107592726534,299.99999999999994
2021-08-24,59971.02762656779,59931.825037280985,60009.64365766893,299.97922854608305
2021-08-25,61453.566318883444,61414.041857723016,61492.00050217478,299.99999999999994
2021-08-26,62963.10652083418,62922.539859687895,63001.99132672912,299.99999999999994
2021-08-27,64499.5277830153,64458.246447333986,64539.78867984168,299.99999999999994
2021-08-28,66062.8004838732,66021.4228319785,66103.1572252504,299.99999999999994
2021-08-29,67652.17727924211,67610.45859715223,67693.4485613718,299.99999999999994
2021-08-30,69267.35090673217,69224.90283514925,69308.83869630785,299.99999999999994
2021-08-31,70907.81874077798,70865.54383560948,70949.92595189881,299.99999999999994
2021-09-01,72573.05455505515,72530.20485888483,72615.95055960894,299.99999999999994
2021-09-02,74262.43396195113,74219.220313745,74305.29243221314,299.99999999999994
2021-09-03,75975.10509048542,75932.04599687913,76019.69951395516,299.99999999999994
2021-09-04,77710.42377005448,77666.98331194455,77755.4558811522,299.99999999999994
2021-09-05,79467.14365400275,79423.95195237506,79512.84855614453,299.98344113943915
2021-09-06,81245.06202263503,81199.9944993365,81290.64580836288,299.99999999999994
2021-09-07,83042.18958616325,82996.94734839337,83088.05833683418,299.99999999999994
2021-09-08,84857.90912331248,84812.52002631333,84904.21445933307,299.99999999999994
2021-09-09,86690.85454682262,86644.73286265842,86737.0249568372,299.99999999999994
2021-09-10,88539.58057038071,88492.88296975371,88585.94639642243,299.99999999999994
2021-09-11,90402.80277989618,90357.46486213559,90448.48902737416,299.99999999999994
2021-09-12,92278.90769269498,92232.84024915895,92324.92140625704,299.99999999999994
2021-09-13,94166.08475992555,94119.83403195551,94213.26585263528,299.98627572896675
2021-09-14,96063.38544380438,96017.5410750414,96110.41475351092,299.99999999999994
2021-09-15,97968.24645305531,97922.15250242423,98015.18966346837,299.99999999999994
2021-09-16,99878.97423135713,99833.05407243347,99925.74890886224,299.99999999999994
2021-09-17,101793.42593924994,101748.0822400449,101839.91216285016,299.9880662470091
2021-09-18,103710.14055920106,103665.69938282082,103754.83689855365,299.99999999999994
2021-09-19,105626.28336260549,105581.56787299064,105670.99135106329,299.99999999999994
2021-09-20,107539.83862074274,107496.517583037,107584.01767465983,299.99999999999994
2021-09-21,109448.42147845637,109404.87789124073,109492.35964437353,299.99999999999994
2021-09-22,111349.57711606166,111307.29154160805,111391.4100524245,299.99999999999994
2021-09-23,113240.70459683832,113197.64400566125,113281.79157451376,299.99999999999994
2021-09-24,115119.59025592424,115076.37163406274,115159.66794045131,299.99999999999994
2021-09-25,116983.42568213704,116941.4492921154,117022.05991233882,299.99999999999994
2021-09-26,118829.55308980611,118788.34139484042,118868.43498184728,299.99999999999994
2021-09-27,120655.2891259517,120614.27882136551,120693.3608930931,299.99999999999994
2021-09-28,122457.76180551232,122417.31897387115,122495.4953489651,299.99999999999994
2021-09-29,124234.2035460723,124194.52985027949,124270.24257683927,299.99999999999994
2021-09-30,125981.57542600017,125944.15246572909,126017.28118751501,299.99999999999994
2021-10-01,127697.25370538053,127660.83663238546,127732.34700158691,299.99999999999994
2021-10-02,129378.42182781991,129344.83573439461,129413.43138626954,299.99999999999994
2021-10-03,131022.08241853125,130989.86941763328,131055.40271705296,299.99999999999994
2021-10-04,132625.47015523462,132594.61935426583,132658.08763542268,299.99999999999994
2021-10-05,134185.45516894764,134155.6599966167,134216.82481882157,299.99999999999994
2021-10-06,135699.46089250472,135670.69906692926,135729.4061386213,299.99999999999994
2021-10-07,137164.8456687673,137137.41511970037,137194.28622903756,299.99999999999994
2021-10-08,138578.7288889831,138552.90356890217,138606.2563304082,299.99740359395383
2021-10-09,139938.37482428798,139912.88259565263,139964.59214901735,299.99021267244115
2021-10-10,141241.62388186489,141217.3839563062,141267.500196934,299.99999999999994
2021-10-11,142485.41952776056,142462.11535074972,142509.67218604343,299.99999999999994
2021-10-12,143667.92351059345,143644.7596640319,143690.62387173204,299.99999999999994
2021-10-13,144786.61109532314,144765.8302573308,144808.70522901003,299.99999999999994
2021-10-14,145839.25929795834,145819.567480113,145859.4438419215,299.99999999999994
2021-10-15,146824.03529119593,146804.90573066808,146843.27140120772,299.99999999999994
2021-10-16,147738.92329467105,147720.38693849996,147758.10786701043,299.99999999999994
2021-10-17,148582.1955287355,148564.0622708868,148600.50344845292,299.99999999999994
2021-10-18,149352.33956470343,149334.30934568678,149370.7174479652,299.99999999999994
2021-10-19,150047.98410956355,150030.47407764875,150066.78115071377,299.99921999515635
2021-10-20,150667.6969121899,150650.2904154711,150685.7369979718,299.99999999999994
2021-10-21,151210.40763770608,151192.66970530202,151229.25518898843,299.99999999999994
2021-10-22,151675.4626363888,151657.98170765964,151693.8363797041,299.99999999999994
2021-10-23,152061.9506882932,152043.92222016258,152079.32228098976,299.99919964116214
2021-10-24,152369.44820632954,152349.83756635422,152387.14189283687,299.99999999999994
2021-10-25,152597.72717662633,152577.36722955207,152617.0011030235,299.99999999999994
2021-10-26,152746.35249841705,152724.59000107183,152765.18173890508,299.99898638478317
2021-10-27,152815.67076633047,152792.33942964012,152835.58362752094,299.99999999999994
2021-10-28,152805.87379895026,152782.55249592647,152827.4378794211,299.99999999999994
2021-10-29,152717.13424026134,152691.7112421147,152740.71371389527,299.99999999999994
2021-10-30,152550.444409598,152523.7881274265,152574.0789733547,299.99999999999994
2021-10-31,152306.36550241566,152277.67075806044,152331.35903097058,299.99999999999994
2021-11-01,151985.87985924687,151956.4260705395,152011.53886656277,299.99999999999994
2021-11-02,151590.20954560625,151560.15140700582,151617.26960774825,299.99999999999994
2021-11-03,151120.52988149953,151089.8383239827,151149.30679023307,299.99999999999994
2021-11-04,150578.54357995195,150547.08049555647,150608.2562964482,299.99999999999994
2021-11-05,149965.6088237991,149932.2693409207,149996.52969253226,299.99999999999994
2021-11-06,149283.6552077964,149247.88855654112,149316.08737577286,299.99999999999994
2021-11-07,148534.59193379647,148498.74644031946,148568.58277259092,299.99999999999994
2021-11-08,147720.43438384088,147682.2833933822,147756.28877725982,299.99999999999994
2021-11-09,146843.19549003063,146804.2250720526,146879.8971244363,299.99733298554327
2021-11-10,145905.32907219647,145866.08575836458,145943.48671559436,299.99999999999994
2021-11-11,144908.82973956104,144868.08441386558,144948.5643238807,299.99999999999994
2021-11-12,143856.33236485298,143814.21634260647,143897.72353958298,299.99999999999994
2021-11-13,142750.2204230837,142707.3570296058,142791.54652094058,299.99999999999994
2021-11-14,141593.13358540827,141551.42272786496,141635.7943155451,299.99999999999994
2021-11-15,140387.44187516472,140343.05221026894,140431.46160144522,299.99999999999994
2021-11-16,139135.84654593296,139091.67649977072,139180.8115761176,299.9969608806292
2021-11-17,137841.2055207128,137794.9493021844,137885.49747276894,299.99999999999994
2021-11-18,136505.9490854952,136459.03415821632,136551.9177095037,299.99999999999994
2021-11-19,135132.8525148924,135085.89000746977,135180.55238810607,299.99999999999994
2021-11-20,133724.48441713754,133676.73186891514,133773.3476625245,299.99999999999994
2021-11-21,132283.5131556389,132235.30223048717,132331.37954461033,299.99999999999994
2021-11-22,130812.68657268521,130765.16963305019,130861.38116712208,299.99999999999994
2021-11-23,129314.49961710839,129265.80785485147,129363.64560918044,299.99999999999994
2021-11-24,127791.5640055858,127743.2929853639,127840.7709088913,299.99999999999994
2021-11-25,126246.31273779836,126198.6831554149,126295.39087452726,299.99677765476173
2021-11-26,124681.64791753564,124633.59590578816,124731.4074937226,299.99999999999994
2021-11-27,123099.47390679854,123051.42609279105,123149.61611786453,299.99999999999994
2021-11-28,121502.5728936538,121455.25187124583,121552.87539754895,299.99999999999994
2021-11-29,119893.0558666865,119846.1455430769,119942.6335628966,299.99999999999994
2021-11-30,118273.26744788523,118225.98488337251,118323.48207104953,299.99999999999994
2021-12-01,116645.30028835133,116598.34436492567,116696.4106508593,299.99999999999994
2021-12-02,115011.17826590587,114963.93607880072,115062.29827377299,299.99999999999994
2021-12-03,113373.040682049,113325.66217631081,113423.47018139299,299.99999999999994
2021-12-04,111732.63414824946,111686.10559828325,111782.66712555912,299.9964682334577
2021-12-05,110092.24626480546,110045.11896915316,110141.55990429572,299.99999999999994
2021-12-06,108453.22163772209,108405.27339461817,108501.5737671863,299.99999999999994
2021-12-07,106817.4515340208,106770.76241149858,106865.67307845832,299.99999999999994
2021-12-08,105186.40478211177,105140.07929054991,105233.58960591418,299.99999999999994
2021-12-09,103561.75733836899,103516.13387249006,103609.12910006156,299.99999999999994
2021-12-10,101944.86383214379,101898.21423133435,101990.92876565922,299.99999999999994
2021-12-11,100337.11830887235,100291.06240658068,100382.98185245981,299.99999999999994
2021-12-12,98739.74132624187,98694.84116754853,98785.78962166952,299.99999999999994
2021-12-13,97153.92126552283,97108.69932351819,97199.35373910288,299.99999999999994
2021-12-14,95580.85900404889,95535.91999248556,95625.67856561198,299.99999999999994
2021-12-15,94021.55020661808,93976.94365160643,94064.60936448294,299.99999999999994
2021-12-16,92477.01303750102,92433.28887098438,92519.29805565892,299.99999999999994
2021-12-17,90948.02818124412,90905.38368160103,90989.70463365717,299.99999999999994
2021-12-18,89435.45525858481,89393.25583231532,89476.7481793094,299.99999999999994
2021-12-19,87940.03831138145,87899.41868272316,87981.10654328445,299.99999999999994
2021-12-20,86462.5296465919,86422.56393723098,86502.82783041097,299.99999999999994
2021-12-21,85003.34908900448,84963.7842365968,85042.6896922627,299.99999999999994
2021-12-22,83563.03671066776,83523.81382757668,83601.57944905179,299.9938268653335
2021-12-23,82142.58779273776,82104.16877142747,82180.75177119917,299.99999999999994
2021-12-24,80742.00390929432,80704.9816329737,80779.2219897779,299.99999999999994
2021-12-25,79361.71916409186,79325.87765739641,79397.84310805066,299.99999999999994
2021-12-26,78001.92096607633,77966.86269603047,78037.62789810778,299.9945551207092
2021-12-27,76663.22333617554,76628.45042241631,76698.49786612298,299.99999999999994
2021-12-28,75345.68073694504,75311.37305065183,75380.24120651954,299.99999999999994
2021-12-29,74049.46294844044,74015.8860303706,74082.9885611308,299.99999999999994
2021-12-30,72774.5331827391,72741.91861489072,72808.5324182549,299.9959735035652
2021-12-31,71521.63222715288,71489.95765181005,71554.47809281506,299.99999999999994
2022-01-01,70290.18517260494,70258.46005839916,70321.75598476715,299.99999999999994
2022-01-02,69080.40508606464,69049.52243222402,69110.43082403496,299.99999999999994
2022-01-03,67892.50224116546,67861.80773277086,67922.38763368654,299.9980745553324
2022-01-04,66726.2091775235,66696.24310306768,66755.54652233425,299.99999999999994
2022-01-05,65581.61126123261,65550.92226878076,65610.0246295598,299.99999999999994
2022-01-06,64458.55487265149,64429.20866031589,64486.23124989086,299.99923993759217
2022-01-07,63357.08600902739,63328.22458207144,63384.73215868744,299.9975942662803
2022-01-08,62277.0325306889,62249.25717216678,62303.90212051253,299.99999999999994
2022-01-09,61218.07172095904,61191.031167659385,61243.96491716388,299.99999999999994
2022-01-10,60180.126519983154,60153.83951757295,60205.878923007076,299.99999999999994
2022-01-11,59163.047055198964,59137.39816346235,59188.112906796814,299.99999999999994
2022-01-12,58166.62695159405,58141.51423722314,58190.975014078984,299.99999999999994
2022-01-13,57190.74841451879,57165.538671876304,57214.25247943806,299.99999999999994
2022-01-14,56235.07127974661,56210.61463436813,56258.53577512785,299.99999999999994
2022-01-15,55299.40485970974,55275.03802155031,55322.352994682675,299.99999999999994
2022-01-16,54383.51716709832,54360.35297462001,54405.9325889993,299.99999999999994
2022-01-17,53487.082453315415,53464.20209807502,53509.071878033996,299.99999999999994
2022-01-18,52609.86130977057,52587.593040452135,52631.17480290239,299.99999999999994
2022-01-19,51751.59912792827,51729.62384411556,51772.00968832666,299.99999999999994
2022-01-20,50911.96139780354,50890.91113491407,50932.48214764724,299.99999999999994
2022-01-21,50090.71930643626,50070.200652251915,50110.00710661905,299.99999999999994
2022-01-22,49287.698550100664,49268.11310662686,49306.68141230936,299.99999999999994
2022-01-23,48502.56015007309,48482.82572202182,48521.20516622797,299.99999999999994
2022-01-24,47734.842348559665,47716.073647994286,47753.0248421062,299.99999999999994
2022-01-25,46984.34357330213,46965.68425663695,47002.777186290245,299.99999999999994
2022-01-26,46250.86585472462,46232.84138357122,46268.75921569643,299.99999999999994
2022-01-27,45534.01155211586,45516.30147471376,45551.72871119057,299.99999999999994
2022-01-28,44833.476433192904,44816.07200962195,44850.58718281376,299.99999999999994
2022-01-29,44149.22037670192,44131.84250184546,44165.59940221277,299.92809918346654
2022-01-30,43480.38778833625,43463.54541182702,43496.5064167367,299.99999999999994
2022-01-31,42827.12066561901,42810.54253500648,42842.30279493573,299.99999999999994
2022-02-01,42189.04699294322,42173.60566150046,42203.900197713505,299.99999999999994
2022-02-02,41565.846466732764,41550.835988652856,41580.75613027697,299.99999999999994
2022-02-03,40957.327061078504,40942.80251452066,40971.80876125437,299.99999999999994
2022-02-04,40363.05550536188,40349.12178877668,40377.15754150948,299.99999999999994
2022-02-05,39782.993887841614,39768.73379589333,39795.88106924884,299.8907437068708
2022-02-06,39216.34764712933,39203.16726751065,39229.91365178743,299.99999999999994
2022-02-07,38663.3325532611,38650.52733319618,38676.410672067424,299.99999999999994
2022-02-08,38123.52478031484,38111.03228058198,38136.410532757065,299.99999999999994
2022-02-09,37596.59151031947,37584.351525376806,37609.358003511144,299.99999999999994
2022-02-10,37082.44984115069,37070.75454429189,37095.123824492824,299.99999999999994
2022-02-11,36580.69790331843,36569.12026419646,36592.9898968446,299.99999999999994
2022-02-12,36091.064374276815,36079.54522014728,36102.80940727634,299.99999999999994
2022-02-13,35613.41264262167,35602.02915560485,35624.52641503623,299.90128001546725
2022-02-14,35147.24147490419,35136.505267560795,35158.10804023115,299.99999999999994
2022-02-15,34692.53750561215,34682.2779961399,34703.33158935878,299.99999999999994
2022-02-16,34249.01123480527,34238.62311909533,34259.1923735012,299.99999999999994
2022-02-17,33816.58057583288,33806.4675715637,33826.50111923851,299.9092744429723
2022-02-18,33394.5882138137,33384.92794916929,33404.16426232536,299.99999999999994
2022-02-19,32983.1611555483,32974.04910590258,32992.7019752358,299.99999999999994
2022-02-20,32582.139802708974,32572.922957244315,32591.18464542993,299.91771873854816
2022-02-21,32190.927013478402,32181.92117426975,32200.193553849884,299.99999999999994
2022-02-22,31809.67912506559,31801.033954183946,31818.370649884804,299.9216668348264
2022-02-23,31437.899690444643,31429.511789798165,31446.353122115586,299.99999999999994
2022-02-24,31075.59074397027,31067.047940760727,31083.82602771899,299.99999999999994
2022-02-25,30722.438946905364,30713.891939865527,30730.61167266631,299.99999999999994
2022-02-26,30378.408911355447,30370.134564059754,30386.574026000082,299.99999999999994
2022-02-27,30043.312583757393,30035.63929942031,30050.92456185683,299.9266052502458
2022-02-28,29716.648486412072,29709.00465898508,29724.287337349124,299.99999999999994
2022-03-01,29398.633756552168,29391.334850671596,29405.82354533517,299.91655088148985
2022-03-02,29088.694000622938,29081.610046565882,29095.682362566004,299.99999999999994
2022-03-03,28786.926498912915,28779.936896747648,28793.82952106537,299.99999999999994
2022-03-04,28493.108294808175,28486.38829022046,28500.03566558703,299.99999999999994
2022-03-05,28207.095005841296,28200.806897856117,28213.743846457066,299.99999999999994
2022-03-06,27928.648067286336,27922.293357440307,27935.03981356334,299.99999999999994
2022-03-07,27657.718317986506,27651.656321494334,27664.173455951503,299.99999999999994
2022-03-08,27394.103965856513,27388.010494292368,27400.45975045859,299.99999999999994
2022-03-09,27137.6001928238,27131.711569472605,27143.842228655394,299.99999999999994
2022-03-10,26888.108938688216,26882.567772809947,26894.044611989575,299.99999999999994
2022-03-11,26645.587091006466,26639.483467732793,26651.243145650613,299.99999999999994
2022-03-12,26409.748755302764,26404.11878681418,26415.44725958514,299.99999999999994
2022-03-13,26180.56426635882,26174.909794756553,26186.398977327714,299.8239641273495
2022-03-14,25957.706051608464,25952.246347346343,25963.163775737343,299.99999999999994
2022-03-15,25741.403794240116,25735.990993506213,25746.97380571376,299.8123558990632
2022-03-16,25531.14570275369,25526.129810642047,25536.700270254747,299.99999999999994
2022-03-17,25327.051551484754,25322.05364530598,25332.149632061817,299.99999999999994
2022-03-18,25128.906269847255,25124.021816397017,25134.09157281832,299.99999999999994
2022-03-19,24936.64687259207,24931.806474206016,24941.765505538613,299.99999999999994
2022-03-20,24750.285714880567,24745.406982925688,24755.376220990962,299.80720293047324
2022-03-21,24569.42513228573,24564.788439557982,24574.483615920926,299.99999999999994
2022-03-22,24394.126520715592,24389.522491507683,24398.963256594496,299.99999999999994
2022-03-23,24224.309226994646,24219.715455377423,24229.26452085794,299.99999999999994
2022-03-24,24059.87852877972,24055.391268192863,24064.935821802886,299.99999999999994
2022-03-25,23900.638754141506,23896.271360188708,23905.386522135475,299.99999999999994
2022-03-26,23746.680100836144,23742.167529120296,23751.262848617484,299.99999999999994
2022-03-27,23597.734748706003,23593.431495693447,23602.366809138533,299.99999999999994
2022-03-28,23453.848065311773,23449.40821555312,23458.124327455138,299.8577905230557
2022-03-29,23314.707953946177,23310.28876195685,23319.125428333144,299.99999999999994
2022-03-30,23180.514582632866,23176.192635209827,23184.692741771683,299.99999999999994
2022-03-31,23051.09237930022,23046.861176496717,23055.35661869094,299.99999999999994
2022-04-01,22926.3333104697,22922.007787672857,22930.574266904638,299.99999999999994
2022-04-02,22806.126384377516,22801.618833575758,22810.26243639844,299.99999999999994
2022-04-03,22690.513431449934,22686.32742078751,22694.598618875232,299.99999999999994
2022-04-04,22579.378407627068,22575.268357147634,22583.299616940236,299.99999999999994
2022-04-05,22472.66403617338,22468.552865394904,22476.723987718677,299.99999999999994
2022-04-06,22370.234231759037,22365.872034691358,22374.45824869729,299.99999999999994
2022-04-07,22272.154902282116,22267.592143445687,22276.375111064077,299.93144746201943
2022-04-08,22178.196706298637,22173.57999626738,22182.31079958583,299.99999999999994
2022-04-09,22088.36142961747,22083.748755359215,22092.450431865214,299.99999999999994
2022-04-10,22002.652613622897,21997.94679605877,22006.735718787255,299.99999999999994
2022-04-11,21920.985295117596,21916.388713786906,21925.05437381427,299.99999999999994
2022-04-12,21843.37084705322,21838.774320733202,21847.558566607026,299.99999999999994
2022-04-13,21769.685911639554,21765.04828981102,21773.604116058807,299.99999999999994
2022-04-14,21699.844865292584,21695.217439792126,21703.966019625168,299.99999999999994
2022-04-15,21633.88424492433,21629.1857438763,21638.276325715357,299.99999999999994
2022-04-16,21571.72685523217,21567.24471811575,21576.066777455577,299.99999999999994
2022-04-17,21513.334712299787,21508.944783264684,21517.464211946168,299.99999999999994
2022-04-18,21458.664825169817,21454.283030397117,21462.921593520037,299.99999999999994
2022-04-19,21407.695620368886,21403.279815072197,21412.11178708376,299.99999999999994
2022-04-20,21360.379216735953,21355.914017575433,21364.495952526824,299.99999999999994
2022-04-21,21316.63336120933,21311.971135544678,21320.969158002565,299.99999999999994
2022-04-22,21276.58545624127,21271.931160990047,21280.726384150978,299.94136240604576
2022-04-23,21239.986427833268,21235.2947728153,21244.09343371127,299.99999999999994
2022-04-24,21206.948286350937,21202.18918748575,21211.12728065358,299.99999999999994
2022-04-25,21177.43096335307,21172.868734992757,21181.591570411423,299.99999999999994
2022-04-26,21151.318633934872,21146.61616012178,21155.534337841123,299.99999999999994
2022-04-27,21128.65878886058,21123.757698311492,21132.806072464187,299.99999999999994
2022-04-28,21109.394031433592,21104.24271726021,21113.857094073217,299.99999999999994
2022-04-29,21093.5551106067,21088.416666480705,21098.023814656222,299.99999999999994
2022-04-30,21081.118463233826,21076.019144207054,21085.49869293787,299.9749167872012
2022-05-01,21071.978845181362,21067.0680944955,21076.3005929135,299.9053022009411
2022-05-02,21066.09568152736,21061.3663364551,21070.509305524785,299.99999999999994
2022-05-03,21063.59120967193,21058.656465673335,21068.020304084606,299.99999999999994
2022-05-04,21064.40637594508,21059.309042702298,21068.9818689519,299.99999999999994
2022-05-05,21068.47182270535,21063.57333529147,21073.142399574226,299.99999999999994
2022-05-06,21075.744664849193,21070.60256301515,21080.535361737588,299.99999999999994
2022-05-07,21086.36960962163,21081.211430511044,21091.253838017816,299.9823670139309
2022-05-08,21100.13639262535,21095.06455950758,21104.937662735945,299.99999999999994
2022-05-09,21117.11462030757,21111.85354632387,21122.19585665104,299.99999999999994
2022-05-10,21137.428539445125,21132.290376412893,21142.42574666898,299.99999999999994
2022-05-11,21160.938637189196,21155.772072304015,21165.898842698665,299.99999999999994
2022-05-12,21187.64301051824,21182.61749497517,21192.71559425386,299.99999999999994
2022-05-13,21217.507042829784,21212.347715855918,21222.677452686446,299.99999999999994
2022-05-14,21250.686657927272,21245.420739441863,21255.85474125584,299.99999999999994
2022-05-15,21287.000363937626,21281.61778560762,21292.306144323567,299.99999999999994
2022-05-16,21326.53621185147,21320.95278966388,21331.759591719325,299.99999999999994
2022-05-17,21369.30708671041,21363.743385925096,21374.794421360875,299.99999999999994
2022-05-18,21415.211379041008,21409.5382593609,21420.654583180025,299.99999999999994
2022-05-19,21464.379041749846,21458.4755334924,21469.791240029408,299.99999999999994
2022-05-20,21516.67815572936,21510.67282361156,21522.32034198006,299.99999999999994
2022-05-21,21572.243803825146,21566.24932455883,21577.807041723052,299.99999999999994
2022-05-22,21630.927097108743,21624.95061304304,21636.785944797055,299.99999999999994
2022-05-23,21692.860197220696,21686.677809453744,21698.793094127268,299.99999999999994
2022-05-24,21757.999461015526,21752.059564061838,21764.009685148107,299.99999999999994
2022-05-25,21826.36643767714,21820.101696893104,21832.371862926448,299.99999999999994
2022-05-26,21898.04986614095,21891.624911694857,21904.222287219414,299.99999999999994
2022-05-27,21972.91827866011,21966.62438302424,21979.29794477297,299.99999999999994
2022-05-28,22051.06562488632,22044.598812778186,22057.45138070433,299.99999999999994
2022-05-29,22132.43657203444,22126.01101418601,22138.830078161645,299.9992829213755
2022-05-30,22217.17205673501,22210.593332776567,22223.918957498212,299.99999999999994
2022-05-31,22305.155500965444,22298.32808729853,22311.749111138353,299.99797524290483
2022-06-01,22396.45412950516,22389.297535702324,22403.003266827047,299.99153303676223
2022-06-02,22491.045161821956,22483.752997499527,22497.748520762332,299.9805569052384
2022-06-03,22588.927052909046,22581.70616324546,22595.878745508177,299.99999999999994
2022-06-04,22690.10526373974,22682.812299106343,22697.00937509582,299.99999999999994
2022-06-05,22794.71342243038,22787.787233974457,22802.029586912704,299.99999999999994
2022-06-06,22902.72314930854,22895.657063525312,22910.048126869824,299.99461329160533
2022-06-07,23014.121911492377,23006.759265480665,23021.31078301925,299.99999999999994
2022-06-08,23128.958348045053,23121.630739528744,23136.1975906119,299.99999999999994
2022-06-09,23247.21214384549,23239.708029519752,23254.730942044906,299.99999999999994
2022-06-10,23368.930405133524,23361.318708816438,23376.475528705032,299.99999999999994
2022-06-11,23494.20198743164,23486.49652104769,23502.01123755338,299.99999999999994
2022-06-12,23622.982646513858,23615.237659296003,23630.661926070246,299.98046821932985
2022-06-13,23755.162780377515,23747.527150239923,23762.961829054188,299.99999999999994
2022-06-14,23890.885573809293,23883.32456388815,23899.074112453385,299.99999999999994
2022-06-15,24030.221076032503,24022.43783657722,24037.905256285576,299.99999999999994
2022-06-16,24173.13028853966,24165.51220908787,24180.85109739887,299.99999999999994
2022-06-17,24319.666713978026,24312.057525252658,24327.682925719397,299.99999999999994
2022-06-18,24469.878289951175,24462.358189245744,24477.9883202152,299.99999999999994
2022-06-19,24623.769553732516,24616.11784498632,24632.04767825084,299.99999999999994
2022-06-20,24781.329962563042,24773.1579771149,24789.403002798997,299.99999999999994
2022-06-21,24942.620832298137,24934.382047543277,24951.334320108013,299.99999999999994
2022-06-22,25107.679853962265,25099.282700137028,25116.45669418265,299.99999999999994
2022-06-23,25276.524740617573,25268.12163373767,25285.597954366847,299.99999999999994
2022-06-24,25449.13921657202,25440.604331891027,25458.20600212168,299.99999999999994
2022-06-25,25625.590219730402,25617.065608496745,25634.70454177854,299.99999999999994
2022-06-26,25805.906545855483,25796.935047215648,25814.898292236903,299.99999999999994
2022-06-27,25990.102728541926,25981.417311457604,25999.04953718159,299.99999999999994
2022-06-28,26178.236448907293,26169.712687933443,26187.30511424819,299.99999999999994
2022-06-29,26370.324327775845,26361.475264258082,26379.242040235884,299.99999999999994
2022-06-30,26566.311339306445,26557.43097216826,26575.284194477572,299.99999999999994
2022-07-01,26766.420741037466,26757.363319668395,26775.43752237251,299.99999999999994
2022-07-02,26970.52180587237,26961.285730865216,26979.699262887643,299.99999999999994
2022-07-03,27178.83315652157,27169.35615406497,27188.456509257496,299.95261382768143
2022-07-04,27391.12131112211,27381.44085686088,27400.8792830288,299.99999999999994
2022-07-05,27607.518926800592,27597.86852328571,27617.234223911903,299.99999999999994
2022-07-06,27828.103274902925,27818.377366650093,27837.79797510797,299.99999999999994
2022-07-07,28052.841326410457,28043.046688226572,28062.60524209064,299.99999999999994
2022-07-08,28281.809891593,28271.73225856644,28291.32991206011,299.99999999999994
2022-07-09,28515.07640880725,28504.964789605572,28524.688189739845,299.99999999999994
2022-07-10,28752.651329638447,28741.761971237644,28761.953767409686,299.9524680829008
2022-07-11,28994.38770320312,28983.50393720996,29004.197434264668,299.99999999999994
2022-07-12,29240.58006269821,29229.61844106708,29250.345104971453,299.99999999999994
2022-07-13,29491.135410030733,29480.406760818376,29501.17260521175,299.99999999999994
2022-07-14,29746.135549917395,29734.884440856116,29756.242746112464,299.99999999999994
2022-07-15,30005.53979329401,29994.623505548836,30015.89354395144,299.99999999999994
2022-07-16,30269.433299503384,30257.88468073237,30279.78971737236,299.99999999999994
2022-07-17,30537.682472327284,30526.063573570143,30548.258364917663,299.99999999999994
2022-07-18,30810.577051470875,30798.808741281595,30821.36180716813,299.99999999999994
2022-07-19,31087.947523683586,31076.325064841985,31098.404122379976,299.99999999999994
2022-07-20,31369.90247806576,31357.581500198852,31380.710669585224,299.99999999999994
2022-07-21,31656.360233168354,31644.031363342834,31667.60847497666,299.99999999999994
2022-07-22,31947.506515042027,31935.115255734097,31958.570258567943,299.99999999999994
2022-07-23,32243.220142144793,32230.943460120812,32254.70031362387,299.99999999999994
2022-07-24,32543.632336967046,32531.325294280676,32555.03466060293,299.99999999999994
2022-07-25,32848.7863195768,32836.21927757825,32860.64730758857,299.99999999999994
2022-07-26,33158.60786967529,33146.15249317272,33170.63617918345,299.99999999999994
2022-07-27,33473.0912067544,33460.40558231988,33485.2333959194,299.99999999999994
2022-07-28,33792.3355601451,33779.54139537528,33804.5794721651,299.99999999999994
2022-07-29,34116.28169500021,34103.50952015656,34128.93295961897,299.99999999999994
2022-07-30,34444.98447072053,34431.88344581364,34457.50444493273,299.99999999999994
2022-07-31,34778.56033627679,34765.72159912377,34791.03964624173,299.99999999999994
2022-08-01,35116.88968084958,35103.98557847839,35129.47636586237,299.99999999999994
2022-08-02,35459.97116720014,35447.06173917928,35472.6502750114,299.99999999999994
2022-08-03,35807.855398340675,35794.92757690558,35820.45725253796,299.99999999999994
2022-08-04,36160.54584152179,36147.681300188364,36173.2992019961,299.99999999999994
2022-08-05,36518.121485368705,36505.02016240206,36530.836487140856,299.99999999999994
2022-08-06,36880.43645834993,36867.14847973642,36892.60952568418,299.99999999999994
2022-08-07,37247.57866323629,37234.18384481925,37260.291169279764,299.99999999999994
2022-08-08,37619.46395252867,37605.90773716987,37632.12857423104,299.99999999999994
2022-08-09,37996.17936119583,37982.08165692866,38009.16385998571,299.99999999999994
2022-08-10,38377.71558081919,38363.51647302798,38390.91524826071,299.99999999999994
2022-08-11,38764.005966294535,38749.78501379489,38777.49136253682,299.99999999999994
2022-08-12,39155.03972446995,39140.15694034162,39169.00500602495,299.99998072379657
2022-08-13,39550.87004235714,39535.93861149492,39565.055684280516,299.9999625307378
2022-08-14,39951.37332830949,39936.00193106506,39965.205285266165,299.99999999999994
2022-08-15,40356.58278041717,40342.05757160438,40370.59711082228,299.99998972897595
2022-08-16,40766.4918436025,40751.55382485903,40780.41537677756,299.99990584751885
2022-08-17,41181.06155288334,41165.72633532448,41195.16364369168,299.99999999999994
2022-08-18,41600.2210973236,41584.94008059624,41614.44754171385,299.99999999999994
2022-08-19,42024.026378638555,42008.6599651939,42038.545812162294,299.99999999999994
2022-08-20,42452.35696580301,42436.69460846149,42466.710356433716,299.99999999999994
2022-08-21,42885.15018375661,42869.688244677796,42899.7833758499,299.99999999999994
2022-08-22,43322.38396277119,43307.098098882634,43337.05922391827,299.99999999999994
2022-08-23,43764.05400529568,43748.52241571709,43779.15239663473,299.99999999999994
2022-08-24,44210.03775071318,44194.58464503174,44225.43703079442,299.99999999999994
2022-08-25,44660.314943538535,44644.67854237976,44675.786556716346,299.99999999999994
2022-08-26,45114.84476767931,45099.62161424797,45129.68365883259,299.99999999999994
2022-08-27,45573.463069621444,45557.70718909437,45588.35944860457,299.99999999999994
2022-08-28,46036.16138730519,46020.580017748354,46051.10896554931,299.99999999999994
2022-08-29,46502.87591888812,46487.10556521068,46517.70957383306,299.99999999999994
2022-08-30,46973.49195750129,46957.69082520495,46988.67894544987,299.99999999999994
2022-08-31,47447.87479883856,47432.30798632015,47463.19018711575,299.99999999999994
2022-09-01,47926.110352531454,47910.29715837536,47941.39913582642,299.99999999999994
2022-09-02,48407.92951051362,48391.74839191004,48424.25598663518,299.99999999999994
2022-09-03,48893.2965659531,48877.43922867423,48908.82941823807,299.99999999999994
2022-09-04,49382.09575512254,49365.765226464566,49397.50852649173,299.99999999999994
2022-09-05,49874.226806908126,49858.35490910611,49890.08440954012,299.99999999999994
2022-09-06,50369.54835202367,50353.471733758146,50385.47102674406,299.9987160017358
2022-09-07,50868.05158982815,50852.17536707487,50883.931248739456,299.99485026097193
2022-09-08,51369.47867745944,51353.63577283525,51385.4510991019,299.99999999999994
2022-09-09,51873.718184224796,51857.55402121374,51890.14378994378,299.9987697540308
2022-09-10,52380.60721954152,52364.48014859301,52396.91511894163,299.99999999999994
2022-09-11,52890.018831106834,52873.84521123468,52906.63062273542,299.9988883666599
2022-09-12,53401.81531640198,53385.72074817458,53417.94394987507,299.99999999999994
2022-09-13,53915.79710970046,53899.57460897936,53931.32940116088,299.99999999999994
2022-09-14,54431.99099188709,54416.069438542836,54448.21951218442,299.99999999999994
2022-09-15,54949.917304533075,54933.77818151144,54965.66807590396,299.9990159988375
2022-09-16,55469.527716117045,55453.84128084856,55485.109471276104,299.99999999999994
2022-09-17,55990.7426758035,55974.6553432718,56006.65246219276,299.99999999999994
2022-09-18,56513.30602964288,56496.71747489361,56528.80788679687,299.99999999999994
2022-09-19,57037.166890303306,57020.666458808395,57052.46278196094,299.99999999999994
2022-09-20,57561.99180892501,57546.565064776536,57578.26777513887,299.99999999999994
2022-09-21,58087.58443386296,58071.739194027454,58103.84387255429,299.99999999999994
2022-09-22,58613.67980049017,58597.488053580615,58629.5556223081,299.99999999999994
2022-09-23,59140.16770717043,59124.37805253884,59155.91180460786,299.99999999999994
2022-09-24,59666.774728684046,59650.84837909626,59682.25099079792,299.99999999999994
2022-09-25,60193.21631568333,60177.45171422621,60209.421728201894,299.99999999999994
2022-09-26,60719.441885663255,60703.52608484047,60735.23142360296,299.99999999999994
2022-09-27,61245.18036135014,61229.0661005144,61261.16985299164,299.99999999999994
2022-09-28,61770.10767425928,61754.28043088178,61786.00129694816,299.99999999999994
2022-09-29,62293.97334629431,62277.91719909949,62309.662702598645,299.99999999999994
2022-09-30,62816.53812522279,62800.683930113264,62832.358547148935,299.99999999999994
2022-10-01,63337.72037142378,63322.31938115847,63353.95121479246,299.99999999999994
2022-10-02,63857.12521883511,63841.10195377434,63873.290467393985,299.99999999999994
2022-10-03,64374.49557406414,64359.088204969885,64390.81243035324,299.99999999999994
2022-10-04,64889.58767264738,64873.79985587502,64905.74423909712,299.99999999999994
2022-10-05,65402.09156945651,65387.5055086511,65418.468365944376,299.99999999999994
2022-10-06,65911.83914802504,65896.73311329343,65927.86688042387,299.99964382319644
2022-10-07,66418.45545609911,66403.55807701888,66434.53362280948,299.99999999999994
2022-10-08,66921.61736653754,66907.10318114817,66937.56182164697,299.99999999999994
2022-10-09,67421.34583285054,67406.56247026418,67437.18345549454,299.99999999999994
2022-10-10,67916.99738110186,67901.7636139001,67932.66416711487,299.99999999999994
2022-10-11,68408.51481940053,68393.4881444946,68424.17521865488,299.99999999999994
2022-10-12,68895.71563569365,68880.90369829342,68911.2428334207,299.9996501888451
2022-10-13,69377.93343218163,69362.9580139237,69392.72828733489,299.99999999999994
2022-10-14,69855.24891264473,69840.83507909652,69869.97542891119,299.9997862192811
2022-10-15,70327.14831782645,70312.95100594338,70341.54361088836,299.99999999999994
2022-10-16,70793.49103385882,70778.90836361577,70807.84647159696,299.99999999999994
2022-10-17,71253.85438657185,71239.73775240223,71267.81163356148,299.99999999999994
2022-10-18,71708.09263558636,71693.98547193357,71722.07265650817,299.99999999999994
2022-10-19,72155.96648479249,72142.02844656308,72169.57714148403,299.99999999999994
2022-10-20,72597.02228207633,72583.46024456166,72610.54732299931,299.99999465926476
2022-10-21,73031.02692531463,73017.80697414026,73044.88425119742,299.99999999999994
2022-10-22,73457.83717525183,73444.26621443208,73470.91486576678,299.99999999999994
2022-10-23,73877.121782486,73863.4991871116,73890.18467160572,299.99999999999994
2022-10-24,74288.42154709426,74275.01164236429,74301.15877922696,299.99999999999994
2022-10-25,74691.68580513015,74678.87893062948,74703.63880417982,299.99999999999994
2022-10-26,75086.56381066567,75073.65258076764,75098.34208387948,299.99999999999994
2022-10-27,75472.93117974442,75460.7868928061,75484.53399493232,299.99999999999994
2022-10-28,75850.40363750387,75837.5866262848,75861.9937217295,299.99999999999994
2022-10-29,76218.65039631832,76206.65148993397,76229.9821364831,299.99999999999994
2022-10-30,76577.51468675598,76565.37698273394,76588.64777635725,299.99999999999994
2022-10-31,76926.80379869974,76915.04958026951,76937.43715260748,299.99956252916235
2022-11-01,77266.32278510157,77254.66073915231,77277.37049154834,299.99999999999994
2022-11-02,77595.75343017014,77584.50054693742,77606.76238135176,299.99999999999994
2022-11-03,77914.80327794842,77903.91640940409,77925.45699784777,299.99999999999994
2022-11-04,78223.43759030223,78212.66087154318,78234.23998170576,299.99999999999994
2022-11-05,78521.43179560968,78510.83745273392,78532.31435334566,299.99999999999994
2022-11-06,78808.53283957379,78798.0491859594,78819.14928731171,299.99999999999994
2022-11-07,79084.53115928598,79074.25957470934,79095.18609285899,299.99999999999994
2022-11-08,79349.1781151019,79338.9146640117,79359.42918134316,299.99999999999994
2022-11-09,79602.4878528968,79592.26579368093,79613.02250280303,299.99999999999994
2022-11-10,79844.16770669092,79834.19501918288,79854.7780294448,299.99999999999994
2022-11-11,80074.15107296957,80064.08017299883,80084.41562751778,299.99999999999994
2022-11-12,80292.27549286437,80283.16741981871,80301.83029219211,299.99946441011014
2022-11-13,80498.38153900397,80488.93341096211,80508.10206110381,299.99999999999994
2022-11-14,80692.38366187472,80682.8943687262,80702.24436825009,299.99999999999994
2022-11-15,80874.1826395443,80864.70322498739,80884.33225238923,299.99999999999994
2022-11-16,81043.60003994836,81033.97749386042,81053.59665038419,299.99999999999994
2022-11-17,81200.58144096145,81191.23582939635,81210.8269320867,299.99999999999994
2022-11-18,81345.01922600408,81335.38868321096,81355.6272722317,299.99999999999994
2022-11-19,81476.87286360719,81466.92478958287,81487.14856414663,299.99940875638316
2022-11-20,81596.1815120528,81586.20543217618,81607.08923368198,299.99999999999994
2022-11-21,81702.99448950388,81692.92109980059,81713.85085944437,299.99999999999994
2022-11-22,81796.94527475782,81786.62290183932,81808.36874558257,299.99999999999994
2022-11-23,81878.25337356169,81867.5717427282,81889.78167285152,299.99999999999994
2022-11-24,81946.80542239273,81936.05636840874,81958.18456289965,299.99999999999994
2022-11-25,82002.67900366773,81991.26528128702,82013.91173834169,299.99999999999994
2022-11-26,82045.65594745355,82034.60914113578,82056.7329805672,299.99999999999994
2022-11-27,82076.1205265814,82064.58010254966,82087.61250224321,299.99999999999994
2022-11-28,82093.97731272115,82082.82222667114,82105.82428682399,299.99999999999994
2022-11-29,82099.15042405445,82087.65988957144,82110.92644750404,299.99999999999994
2022-11-30,82091.98756975286,82080.94900571968,82103.86136596216,299.99999999999994
2022-12-01,82072.25999962981,82060.83976477328,82084.5513414751,299.99999999999994
2022-12-02,82040.08098693317,82028.5187220338,82052.0552237179,299.99999999999994
2022-12-03,81995.62040734473,81983.29597241241,82008.08339959674,299.99999999999994
2022-12-04,81938.98650253694,81925.96946457078,81951.83599482685,299.99999999999994
2022-12-05,81870.37806433457,81858.24367613166,81882.47585200398,299.99999999999994
2022-12-06,81789.77967592509,81777.01216423344,81802.49812206693,299.99999999999994
2022-12-07,81697.22740800517,81684.70882660287,81709.84288441371,299.9992581812022
2022-12-08,81593.10711945582,81580.82281170134,81605.72180843286,299.99999999999994
2022-12-09,81477.45442759854,81465.39375878523,81490.49078600087,299.9992401013726
2022-12-10,81350.43237812027,81337.77070020513,81363.7915397567,299.99999999999994
2022-12-11,81212.05619192337,81199.75815279156,81225.59676804258,299.99999999999994
2022-12-12,81062.72393770643,81049.35091483485,81076.41668032166,299.99999999999994
2022-12-13,80902.56866793254,80889.58789928358,80916.4258556821,299.9992378132746
2022-12-14,80731.75808643458,80718.9633255642,80745.40371073937,299.99999999999994
2022-12-15,80550.37978988855,80537.19098409438,80563.8330701386,299.99999999999994
2022-12-16,80358.66295238254,80344.94712511094,80373.77031998454,299.9991815334951
2022-12-17,80156.93039089492,80142.71160839938,80172.20690879753,299.99999999999994
2022-12-18,79945.41568442213,79930.28571110225,79959.97466792232,299.99999999999994
2022-12-19,79724.3127274468,79709.66254303149,79738.44725925162,299.99999999999994
2022-12-20,79493.62685819564,79478.99305552579,79507.93081506906,299.99999999999994
2022-12-21,79253.8938582131,79239.3666809142,79268.08018063483,299.99913822728877
2022-12-22,79005.21894026714,78990.08656723605,79019.58763706016,299.99999999999994
2022-12-23,78747.85816101548,78732.81428341853,78763.0361570565,299.99999999999994
2022-12-24,78481.92562849965,78466.73680486834,78496.64519421163,299.99999999999994
2022-12-25,78207.90600628903,78192.8089037178,78222.58670224786,299.9987843826274
2022-12-26,77925.76740525596,77910.72626846161,77940.95934994754,299.99497866205434
2022-12-27,77635.97429570243,77620.84471985702,77651.00427211823,299.99999999999994
2022-12-28,77338.79085535718,77323.61702454268,77353.78784473754,299.99999999999994
2022-12-29,77034.34820784495,77019.009337717,77049.40197146218,299.99999999999994
2022-12-30,76723.0804962651,76707.33681058498,76738.11421320928,299.99999999999994
2022-12-31,76404.97348857761,76389.0716985516,76420.13059997665,299.99999999999994
2023-01-01,76080.45899500082,76063.98495218555,76096.41455504952,299.99999999999994
2023-01-02,75749.73823946492,75733.39425544169,75765.60607520555,299.99999999999994
2023-01-03,75413.19067259658,75396.74894354206,75429.39739839546,299.99999999999994
2023-01-04,75070.94894409904,75054.0545110246,75087.45818320954,299.99999999999994
2023-01-05,74723.28587308666,74706.43474547908,74739.37307626683,299.99999999999994
2023-01-06,74370.53918335526,74353.79043854192,74386.99451990986,299.99999999999994
2023-01-07,74012.83360163217,73995.99445495669,74029.1413953167,299.9978791385576
2023-01-08,73650.56050482906,73633.91237404164,73667.34861033506,299.99999999999994
2023-01-09,73283.91277630201,73267.24991786983,73300.17919821887,299.99999999999994
2023-01-10,72913.24555304286,72897.00449541492,72929.2273769128,299.99999999999994
2023-01-11,72538.62549492787,72522.45261492053,72555.03673688283,299.99999999999994
2023-01-12,72160.36433670853,72144.38746630459,72176.26894393648,299.99999999999994
2023-01-13,71778.82340543909,71763.0592988049,71794.78197950263,299.99999999999994
2023-01-14,71394.02226881219,71378.59319765652,71409.77073618086,299.99735886304035
2023-01-15,71006.46147397024,70990.62640645987,71022.10969259754,299.99999999999994
2023-01-16,70616.1028221655,70600.12668594361,70631.87935619627,299.99999999999994
2023-01-17,70223.29471659548,70206.7458331066,70238.84789362008,299.99999999999994
2023-01-18,69828.24493271744,69812.24604729858,69844.18154118555,299.99999999999994
2023-01-19,69431.28329847711,69415.70250122994,69446.37646645302,299.99999999999994
2023-01-20,69032.57566272622,69017.53251671241,69047.79364570497,299.99999999999994
2023-01-21,68632.26830495293,68617.21634866766,68647.84934289234,299.99999999999994
2023-01-22,68230.59990600128,68215.32160304904,68245.57872262885,299.99999999999994
2023-01-23,67827.7688200211,67812.9347652796,67842.8491229693,299.99999999999994
2023-01-24,67424.08066318241,67408.87714230403,67439.29297230208,299.99999999999994
2023-01-25,67019.57659591068,67003.71011792068,67034.61589798566,299.99999999999994
2023-01-26,66614.677753106,66598.98372218438,66629.9552208402,299.99999999999994
2023-01-27,66209.41928177667,66193.9264007235,66224.27751046345,299.99999999999994
2023-01-28,65803.95532315192,65788.36578405312,65818.63077580024,299.99999999999994
2023-01-29,65398.46037478185,65383.39840707814,65413.02958358993,299.9973831173552
2023-01-30,64993.199508695936,64978.27664552864,65008.19370104534,299.98965177785067
2023-01-31,64588.46893674736,64573.706828900504,64603.25432744205,299.99999999999994
2023-02-01,64184.13306205797,64169.469942039614,64198.46620182491,299.99999999999994
2023-02-02,63780.46899647524,63765.65570297204,63795.08763984631,299.99745964600936
2023-02-03,63377.715291985296,63362.71827618718,63391.840908570404,299.99999999999994
2023-02-04,62975.9873030148,62961.23510451057,62989.92047723644,299.99999999999994
2023-02-05,62575.34531792817,62560.88682837947,62589.703261362956,299.9974562229866
2023-02-06,62176.06960742703,62162.18716523788,62190.12169638476,299.98991755560337
2023-02-07,61778.18701481863,61764.391742338616,61792.53925254876,299.97758585672636
2023-02-08,61382.059698519886,61368.14174704382,61395.356057535566,299.99999999999994
2023-02-09,60987.43634660248,60974.022839788304,61000.894524757656,299.99999999999994
2023-02-10,60594.674915342526,60581.186544028664,60607.722212076704,299.99999999999994
2023-02-11,60203.86637315286,60190.57005800996,60216.7030269345,299.99999999999994
2023-02-12,59815.03345849417,59801.70033601301,59827.741921486755,299.99999999999994
2023-02-13,59428.404260545525,59415.69850636058,59441.127424196624,299.99999999999994
2023-02-14,59044.06385432838,59031.23809454348,59056.726244416706,299.99999999999994
2023-02-15,58662.20098655231,58649.12279722145,58674.87260072043,299.99999999999994
2023-02-16,58282.67849490522,58270.1412697329,58295.2218445102,299.99999999999994
2023-02-17,57905.72219916125,57893.63120596085,57918.52996721747,299.99999999999994
2023-02-18,57531.46856905823,57518.90033311129,57543.95347503705,299.9979865780133
2023-02-19,57159.930041792344,57146.79952861582,57172.332939663174,299.99999999999994
2023-02-20,56791.2018009893,56778.65398555045,56803.67317309942,299.99999999999994
2023-02-21,56425.508267540994,56412.64809066789,56437.84126634494,299.99999999999994
2023-02-22,56062.68993643734,56050.70189801886,56074.40370544471,299.99999999999994
2023-02-23,55702.99109306179,55690.94650878468,55715.180749704305,299.99999999999994
2023-02-24,55346.39017984232,55334.71862800167,55358.609568891006,299.99999999999994
2023-02-25,54992.94863423984,54981.36267110861,55005.21620331905,299.99999999999994
2023-02-26,54642.79216989963,54631.2302658686,54654.45623093381,299.99999999999994
2023-02-27,54295.900854283034,54284.9562504012,54307.65227098411,299.99999999999994
2023-02-28,53952.33608641669,53941.39586809214,53964.70954045848,299.99999999999994
2023-03-01,53612.20119834986,53601.47854606487,53623.96985453843,299.99999999999994
2023-03-02,53275.53276342942,53265.113462555346,53287.178803357565,299.99999999999994
2023-03-03,52942.30499414612,52932.386107273305,52953.826512724074,299.99999999999994
2023-03-04,52612.60711811532,52602.723513310426,52624.21920716594,299.99999999999994
2023-03-05,52286.54633535114,52276.76971403224,52298.19989886125,299.99999999999994
2023-03-06,51964.08657258078,51954.06407428858,51975.45751549133,299.99999999999994
2023-03-07,51645.239695757235,51635.642970279856,51656.585444342956,299.99999999999994
2023-03-08,51330.10302526444,51320.17621146259,51341.18362174532,299.99768201518475
2023-03-09,51018.7158973505,51009.477697374714,51029.942273795976,299.99999999999994
2023-03-10,50710.94576621344,50700.87880222354,50721.628909856205,299.99999999999994
